"","title","point","review"
"1","ε ","10","ε  ˱  ϴ¿ȭ.. "
"2"," , θǽ 忡","9"," , θǽ 忡OST ʹ  ٵ     Ƹٿ ǳ,  ФФ հ þ ƿ ...     "
"3"," ź ҳ","8"," ź ҳø  ó ູ "
"4","","8"," ȭ  ϴ ŷ ִ.   ؼ 峪 ..̾  ñ   ߴµ     ϴ ȭ  ôٰ  ٶǰ  ΰ  Ķ λ  뷡  Դ. "
"5"," 22","10"," 22ù   Ѵ ̸  ʾƿ.  ! "
"6","ѻ꼺","9","ѻ꼺ΰ ḻ ƴ ȭ ̷ հ    ź "
"7","","7"," ٸ....  ...   ֳԴ    ȭ "
"8"," ","6","  Դµ cgȿ . ٵ µ   丮  귯 ο. ֱٿ  ƮӰ  ־ "
"9","ε ","1","ε ϰ ̰   ȭ̸ 㱸 ׿ "
"10","","10","迹 Ǹ࿬ ҽϴ "
"11","̼ ļ: ƿ","8","̼ ļ: ƿ ~~ Ƹٿ ׼ "
"12",": ","10",": 翵 ٸ   "
"13","Ϻ Ÿ","6","Ϻ Ÿξ ̾߱⸦  Ǯ, ׷   ϴ  ȭ "
"14","","5"," 30 ©Ծ  "
"15","Ƹٵ","10","Ƹٵȭ Ǻ ճ׿ "
"16","ٰī3 : ̹ Ŀ!","10","ٰī3 : ̹ Ŀ!1 2 3߿ 3  ų  ȭ  "
"17","װ͸  ","9","װ͸  ̺ ̺...  ó ε, ̺ ĳ  ϳŭ.. "
"18","ε ","10","ε Ű ƴѵ. 絵 ҾȺҾ. "
"19"," ӿ  ð","2"," ӿ  ð¥   Ͱ Ʊ "
"20"," ̸.","7"," ̸.ְ ߺð ѵ   ׷ ȭλְǿȭ λ  ƺžҵ "
"21","","7","ȭ    ۰ Խϴ.. ȭ ̶   .. "
"22","ź  ׸е ","6","ź  ׸е 3  ȭ .. "
"23"," ų","7"," ų ذ ,,   ׷,, "
"24"," ","10"," ó  ߴµ  ؼ  ִ  ߰...̰ 45  ȭ... "
"25","ε ","7","ε     ȭ Ф "
"26","̾ ҵ","10","̾ ҵ̫׿ ̷ȭٽøŰƿ "
"27"," ","10"," оֵ տؿ~^^ "
"28","ģ","1","ģ㼼  Ѹڵ  öȵ  ΰƶ ϴ   ȭ. ׸ ì ģ̴  ȭ   Ǹ ٺ.. "
"29","Ȳ","8","Ȳߺýϴ. ݸ ̳׿ "
"30","ȣα  4 ձ","4","ȣα  4 ձ ̻۰  ٵ 丮 ... "
"31","̾ ҵ","10","̾ ҵȭ   : 츮 ̹  ˰־! "
"32"," ","1"," û󿵰 ں ̾   "
"33"," ","10"," ޿ȭ. Ҽ ȭ "
"34"," Ʈ:   ","10"," Ʈ:   񳪷 ° ƽ׿ "
"35","̾ ҵ","10","̾ ҵ0 "
"36","̺ ħ   ","10","̺ ħ   ںθԲ ̾԰  鼭 ؾ߰ڴ   ȭ "
"37","Ȳ","1","Ȳ Է ٲٸ   ϴ...  Ա׸ Ⱑ ʹ ߾... ׼鸸 ̰   Դϴ... ̰  ǵٸ ̳׿ "
"38","׸ : Ǯ ","2","׸ : Ǯ ¥  ֵ ڹ  Ű..   ǥ 춧 ȳ ֽŴ.. ȭ    ޾Ҵٰ Ǯ   󸶳 ϴ.. ʹ ̳׿.. . "
"39","","10","Դϴ...մµ "
"40","Ž ڳ :  ","10","Ž ڳ :  ξȱ̶ Ű   ȭ ʹ٤. "
"41","","7","ȿ  ؼ  丮 ..  ־.. ð  ´ ϴ и ñ.. "
"42","Ÿ  ","10","Ÿ   ̾ ȭ "
"43","Ϻ Ÿ","10","Ϻ Ÿ ÷ ẽ    ȭ Ž3ȿ    ȸ  Ÿ ̤ "
"44","ε ","8","ε ο  糭ȭ,  ٸ 糭 ϴµ... "
"45","̾ ҵ","9","̾ ҵ     ִ ȭ "
"46"," ̿","5"," ̿  ¥  ô. ڹ̵ ȭε ѹ ǽ  ȳ̾. "
"47","ȣα  4 ձ","1","ȣα  4 ձµ  ...̾߱ ߰߰  ©... "
"48","Ϻ Ÿ","9","Ϻ Ÿΰ, , ڹ̵..  帣  ԵǾִ ȭ "
"49","Ȳ","7","ȲųŸӿ, ƺ  Ҹ ׼!   ⿣  Ҿ "
"50","̾ ҵ","10","̾ ҵ ޵ .... ФФФ ױ  ܼƮ    ;  ¥ ѹ ߰ڽϴ Ф "
"51"," ","10"," ѱ  ȭ  "
"52","̾ ҵ","6","̾ ҵ   ȭ "
"53"," ","6"," 콺ͼ   ׵콺 װ ȳ 뼺翡  װ ϰ кѾ ȭ ǰ  ޵繫 콺ͼ ϰ ޵繫Ɽ к2ݱ  3 ϰ ֿι 2 2װ "
"54","ε ","8","ε   ź..    ,   ź. "
"55","̾ ҵ","8","̾ ҵʹ ̾  뷡 ٽ ߰ھ "
"56","","1","̰ ʹ ϴ.  ȭ "
"57","ũ ġ ƽþ","8","ũ ġ ƽþȽŵ 丮̱ѵ  𸣰   ȭ... ̳ ̴ 丮  ׷ ȭ   ̼Ұ  ȭԴϴ.. "
"58","׸ : Ǯ ","8","׸ : Ǯ ְ Ҿ. ð  ׿䤾 "
"59","̾ ҵ","10","̾ ҵ 20  ޷Դ.. Ҹ ȭ Ф "
"60","","8","شٴµ۽ϳ "
"61","ε ","5","ε 絵   ⵵  ߰ ķ ʹ ϰ ȣ  谡 ڱ  ...  ƽ׿..Ф "
"62","λ ĸ","10","λ ĸ̷   ʹ,    ϴ ȭ "
"63","ε ","6","ε ""λ""  üοȭ_ ٰ߳  Ǿ ... ï? .. ƽȭ "
"64"," ","10"," ó ż߰     ̴  ̵ ͹̳(?)  ణ    Ÿ,Ͽ ̴ ,͹̳,ŵƽ «ͰҴ Ÿ Ҵ ȭ..ٵ 󿵰 ʹ иµ̤ "
"65"," ","8","  ʹ  Ʊ. ĳͰ ʹ  ѸѸ ʹ  ̾߱⸦ ༭ . ũ .. .. ߱.. "
"66"," ų","10"," ų̰ û ݾ...ȭ Ⱥ ū ߳׿...󿵰 ÷... "
"67","ٿ","8","ٿ  ħ ٽ   ȭ׿.. "
"68","","6",". ȭ...;;   ΰ ũ.. ;.. ׳  ..Ѥ ׸  κٴ   ع޾Ҵ  ǿ   ι̶ ..Ѥ "
"69","׸ : Ǯ ","10","׸ : Ǯ tvε հ  ̵~ ǵ ʹ ƶؿ~ "
"70","","1","˹ٵ  ʹ  Ⱥ͸  ȭ "
"71","","6","ʹ մµ ڱ   "
"72"," ų","10"," ųũ, 丮 , ȣ ߰ ϴ ȭ Դϴ, "
"73","̾ ҵ","2","̾ ҵ̶ ۽Ÿ ȭ  Ƴ ϰ,  ȭ    Ͼ ۽Ÿ ǹ ȭ. ˸ ? ̳뷡? ̳뷡? ϸ վϴ ȭ. ȭ   ̽ƮƮ, ޶ ̾ Ŭ  . "
"74","ȣα  4 ձ","8","ȣα  4 ձ̴ ¥ ̻ڴ...  ׳ ׷  "
"75","","8"," ư  λ 󸶳 ū ȭ...  Ƹν   ƾ. "
"76","߰","10","߰  Ű.... "
"77","ź  ׸е ","10","ź  ׸е ظ ҵ״ ũ  ȭ  "
"78","","8","ܱ ȭ   ؼ ͼ ȿ ̶ ϸ鼭   հ ó׿ "
"79","̾ ҵ","10","̾ ҵ.. ť.. ̳׿ "
"80","ⱹ","6","ⱹȮ  ϸ  "
"81","ε ","7","ε ,  ġ  ƴѵ ׳ ...̳ ׷   ťȭ   "
"82","ε ","10","ε ȣ 찡  Ʈ  Ҷ   "
"83","","6"," ƽ ȭ ǿ  Ͼ ִ Ȳ, ְ   ˿  ,  ,    Ĺݿ ....    쿩 ° ϴ ƽ  ȭ... "
"84","׸ : Ǯ ","9","׸ : Ǯ ֵ մϴ. 2 ϰڽϴ. "
"85",": ǴƼ ","10",": ǴƼ :  ʹ.. "
"86"," ׳","10"," ׳ʵл    ȭθ ߴµ ð   ߿ ̾ϴٰѰ ̾ȳ ٽúôµ 󿡳 Ф ̷ȯ ׿ Ф "
"87","̾ ҵ","9","̾ ҵǰ 丮 ȭ ! "
"88","ε ","1","ε 20OOO    ļ  "
"89"," ","10"," гʹְ԰߳׿~~ "
"90","","1","ccȮϴ° ü Ϻȭ Ӵڳ  ³ ¥ѱ   "
"91","ε ","10","ε   ... "
"92"," ","8","  Ʊ ȭ ƴϾ  û     ƽ "
"93","","1","  ȸմϴ "
"94","ٿ","10","ٿﳪ ٿó    ׳ ϰ ʹ.. "
"95","ũ ũ","10","ũ ũ ϴ  ̻ ũ "
"96","̾ ҵ","10","̾ ҵȭ   ҽϴ "
"97","ҽýƮ: ź Ȱ","10","ҽýƮ: ź Ȱٸʿ . ذǰð ʹ Ȱ  ϵھް "
"98","̾ ҵ","10","̾ ҵι ôµ  ʹ٤̤ "
"99","̾ ҵ","10","̾ ҵ¥ û  ְ.. "
"100","̾ ҵ","10","̾ ҵ 뷡  ִ.. "
"101","ε ","8","ε  Ҽ   ׿... "
"102","λ ĸ","10","λ ĸ  ! ! "
"103","̾ ҵ","10","̾ ҵ  Ʊ  ȭԴϴ. "
"104","","4","Ÿ ¥ ϰ.. ΰ ϰ ʹݺ .ḻ  ! ϰ ʰ  ŴϾƶ 뤤 ³  ߾Ͽȭ "
"105","","7","  Ѹ Ҽ ִ ü Ű ڴٴ ޼ ϰ ʹϴ. "
"106","ε ","10","ε ȭ   ô븦  츮 θ   ͽϴ. ׸ ȭ      ߳׿.. "
"107"," ","5"," 丮   ǥϱ⿡ ʹ  丮 ..  2̳ 3  .. "
"108","̾ ҵ","9","̾ ҵ̾ ҵ ϰ   ־ 10ε.... "
"109"," ֽȸ 3D","9"," ֽȸ 3Dó ͵ ־   󺸴ٺ մϴ  2  ֳ׿ "
"110","̾ ҵ","10","̾ ҵ𰣸 Ҹ ޾ "
"111","װŸ Ȥ","10","װŸ Ȥ翵ȭ Ǹ ǥ б  뷡 ߾︰ ȭ ߸  ǻ ű  "
"112","","8","츮   ö ִ. ߴµ ȭ   Ҿϳ "
"113","ε ","10","ε  ȭ ǵ  µ δ. ȭ   ˰ ɰ!!! "
"114","׸ : Ǯ ","10","׸ : Ǯ ̷ο 丮  ҵ  ̵帮 հ   ־ ƿ~   ġ ʰ   Դϴ~^^ "
"115","Ȳ","6","ȲұѾ. Ծ "
"116"," ų","10"," ų¥ ֽϴ. 尨 ¼׿.󿵰 ξ 忡  ָ   ֳ׿. "
"117"," ų","10"," ų¥   ̾ "
"118","빫Դϴ","1","빫Դϴ  . αŸϸ ܱ  . ܱ νϰ ܱ 漱ű  . ̰ ѱ̳.  ģ  ܱ ǥ . "
"119","ε ","10","ε  ʹ Ͻð ־ "
"120","Űŷ:տ ź","1","Űŷ:տ ź ߱ȭ ˴ ¿ ½丮 CGĹٸ͵ ̳.    '渮忡 ǪҴ , ߱ Ǫ Ҵ ִ.'α. "
"121","̾ ҵ","10","̾ ҵ ְ ȭ...!!! "
"122","ε ","2","ε ťٸؿ!  Ǹ̳׿ "
"123","ε ","8","ε  Ѽǹ Ʈ  ̴  Ͻñ  ׷ ־! "
"124","","10","ְԺҾ "
"125","̾ ҵ","10","̾ ҵQueen, Bon Jovi, Guns N' Roses, Metallica..  ˸ .. "
"126","̾ ҵ","8","̾ ҵ ȭ⺸ ť ȭ. ٸ 鷯ȭ. ̶ ׷ Կ ģ. ٸ 鵵 ε...ƽ    °͸ε ߴ.    ȴ^^ "
"127"," ","10"," ȾƱ հԺ "
"128","","9","ϰ   ߾ ȭ "
"129",":   ǻó нƮ","9",":   ǻó нƮ 鿡 Ϻϰ  Ϻϴ..  ο ̸ŭ  ŵ ȭ   "
"130","̾ ҵ","9","̾ ҵ 뷡 ƴϾٸ ׷  ⿵ȭ,  ũ ڼ "
"131","ģ2","1","ģ2  ȤѤ  "
"132","׸ : Ǯ ","8","׸ : Ǯ   ƽ  ðŶ ϴϤ  ҰԿ䤾 "
"133"," , θǽ 忡","10"," , θǽ 忡  ÷Ǯ ص Ǯ "
"134","ε ","10","ε ڿ 幮 ̶ մϴ    ߲޴    ϴ "
"135"," ų","6"," ų  ųŸӿ ð    "
"136","׸ : Ǯ ","10","׸ : Ǯ ̵  ְ Ҿ.2 Ҳ.^^ "
"137","̾ ҵ","10","̾ ҵ𰨵 ~Ĺݺο  ڱؽ  Ŭ~ǰ  ְ ȭ ó׿~ "
"138"," ","6","  °͵ .  ũǳ ȭ  ϱ   ġ ִ "
"139","Ʈ̽","10","Ʈ̽Ʈ̽ Դϴ "
"140","","2"," 1 3... ʹݿ ںе  ϽŴ ϴ "
"141","Ƽ λ̵","10","Ƽ λ̵尡Ը ȭ׿ "
"142","̺ ħ   ","10","̺ ħ   ڱ׳ ʹ   ȭ. "
"143","Ʈ̽","1","Ʈ̽̾ ̷  ȭ   ͳ׿  "
"144","","10","վ.  ̱ϳ׿  "
"145","Ȳ","10","Ȳҿ ...Ф "
"146","","10","ǰ  ϴ ! !  ȿ "
"147","׸ : Ǯ ","10","׸ : Ǯ  Ǥ 2 ðŶ ؿ䤻 "
"148","̾ ҵ","10","̾ ҵְ õ    ־ "
"149","","3","̵ ȭ 8 ׷ϱ ŷڸ Ҵ°ž   񽺹Ƿؾ ׷   ̱  ȵ  ˹ ҷ  ض "
"150","","10","ֹʷ ̷ ̾߱   , ֿ  ̾߱- ,     , ҷ Ǳ  ְ Ը ٺ ,  .  ̾߱ ȭǱ  ȭμ ؼǾ Ѵ. ̴. "
"151","ȣα  4 ձ","10","ȣα  4 ձҰ ũ     ƿ "
"152","׸ : Ǯ ","10","׸ : Ǯ ֵ  հ  2ź ʹ ǿ~! "
"153","̾ ҵ","10","̾ ҵ𳪵𸣰 ... "
"154","ȣα  4 ձ","8","ȣα  4 ձũ   ȭ!! "
"155"," ġ Ҹ","10"," ġ Ҹ ٴ   ȭ. Ost...    ƴϴ...! "
"156","Ʈν","8","Ʈν  ̰   ģ.. "
"157","ȣα  4 ձ","8","ȣα  4 ձܿ  ~ ̵ ʹ ؿ~ "
"158","׸ : Ǯ ","10","׸ : Ǯ  Ƶ ׸  ϴµ  ͼ  Ծ.  ϰ 󿵳 ϰ ǫ   ѵϰ   ҳ׿. "
"159","ȣα  4 ձ","1","ȣα  4 ձŻ ǥκþ  ð Ʊȭ!! "
"160","̾ ҵ","10","̾ ҵ2 ׳  3° ̾ ص׾ ̾ ʹ ;µ ڸ ٰ ڸ ߰ؼ ٷ ! ̾ ϴ.. 뷡 θ; Ф "
"161"," ","10"," ~~  ִ ȭ "
"162","","10","ξ λ  ͸ ȭ  "
"163","Ʈ","10","Ʈ2ź  ڳ׿!! "
"164","","1","ٰ̺   ٸ ڸ ٴϴ ȭ "
"165","","1","δ. . ؾ "
"166",":  뷡ϴ","7",":  뷡ϴټΰԳ Τ  "
"167","Ʈ̽","10","Ʈ̽꿡 4D ôµ ȭ ũ ѵ ü̾   ̻ Ҿ. Դٰ  Ŭ ~  ҽϴ. "
"168","̾ ҵ","10","̾ ҵιþ! Ƽ ʹ Ȱ  ƿ^^ "
"169","׻","1","׻׳  տ  ׻   ׳  °   "
"170","ϼ","10","ϼֱٿ  ȭ ְ.  ʹ ϰ ߺ "
"171","¯","2","¯ 鰡 ȭǸ̳ "
"172","  ̵","10","  ̵鼭 ġ ִ   ٽ ƺ ̾ϴ. "
"173"," ","2"," ֶ ֶ   ʹ°? "
"174","Ʈ:  ","3","Ʈ:   ٸ⸦.... "
"175","A-Ư","9","A-Ư뤸ճ ųŸ  "
"176","","1"," ٵ θ  ð Ʊ  ̰ ̾ ִ غҰ ̰̰  µ  ϴ غҰ ϴ  ΰ? ̰ ĳ ǵ ص   "
"177"," ų","8"," ų  ̱   ȭԴϴ.Ըõ常  ȭġ ̾ ȭ ° ׿. "
"178","׸ : Ǯ ","10","׸ : Ǯ ׸ Ǯ ! Ŀ־ ~~~~ "
"179","","10"," Ҵµ? ļ Ǵ ǰ "
"180","̾ ҵ","10","̾ ҵϺ  ü ̶ 带  ˷  ȭ "
"181","ȣα  4 ձ","9","ȣα  4 ձ ̴ ¥... ȯ̾ߤФ "
"182","ź  ׸е ","10","ź  ׸е ¥ ʹ հ 1ٵ  2̤ "
"183","ε ","1","ε  10ִ  Ѱ    Ҵٰ  ü  մ Ҽ  ־ ȭԴϴ ð  ð    Ưȭ ô° õմϴٹ찡 Ʊ׿  "
"184","׷̵","10","׷̵2 ڴ  ̷  Ϻ   丮 1 ° ʹ ƽ ͿͿ "
"185","ٿ","8","ٿٿ ؼ¾ƽ̳׿ ׷α׿ "
"186","","8","    "
"187","̾ ҵ","10","̾ ҵι ýϴ.  ̺꿡̵  ̳׿ Ф "
"188","ȣα  4 ձ","8","ȣα  4 ձ̶  ʹ ʹ ƿ "
"189","ȣα  4 ձ","9","ȣα  4 ձ̿ ޼ ʹ  ȭ. "
"190","̾ ҵ","10","̾ ҵ ȭ  Խϴ. "
"191"," Ʈ","10"," Ʈְ þ 뺸  "
"192"," ","6","  ĳ  , پ  ȭ, Ÿ  ȭ  Ҵ. ׷,  ȭ  ? ¥ ȸ   Ĵ ĥ  ǿ ״   ̾. "
"193","ε ","6","ε 1997 11 25 Ʒüҿ Ʒùް ִµ,   ߴٰ ϴ.. "
"194","̾ ҵ","10","̾ ҵ̰ź ̵ 뷡 㹫ϴ "
"195","","3","ʹ ... ǽ  ΰ... ȭ Ʊ. "
"196","ŰԲ-ΰ ","8","ŰԲ-ΰ 1ٴ ̾ ׷  "
"197","ξ","1","ξּġ ȳ ּġ ȭ ġؼ ְڴ. ڿ̰ Ǵ ڻ ... ߿ ¥ Ⱑ Ⱑ. "
"198","  ̵","10","  ̵ʹ  ϴ, ô ڵ "
"199","׸ : Ǯ ","10","׸ : Ǯ Ƽ񿡼  ׸ ȭ~~~  ð̿ϴ "
"200","̾ ҵ","10","̾ ҵƻ   ܼƮ ٿԽϴ. "
"201","ȣα  4 ձ","10","ȣα  4 ձٽ   ҽϴ "
"202"," ","9"," 屳  ׳   ƴϴ. "
"203","","10","վ!!!ȾƱ "
"204","׸ : Ǯ ","10","׸ : Ǯ  ̵ ʹ ϳ׿! "
"205","","10"," ŴϾƷμ  ҽϴ. "
"206","","10","ళ    ٹ ¥  ϴµ ʹ Ϳ  "
"207"," ų","10"," ų ȭٿ ȭ  Ҿ "
"208","Źٿ ɸ ҳ","10","Źٿ ɸ ҳΰ  ʹ ְ ְ ִ ΰ  鿡 Ҹ ӵ ũ  ̴ ׸ ΰ ְ ִ ѹ  ȭ  ٽ µ ̰ ٽ  ΰ մ "
"209","Ȳ","8","ȲҸ ׼ ŷ  ִ  ȭ "
"210","̾ ҵ","10","̾ ҵ¿ȭ ƴѵ    "
"211","ȣα  4 ձ","10","ȣα  4 ձϰ Ŭ 巹  ̵  "
"212","̾ ҵ","7","̾ ҵ׳ ׷µ ų. "
"213","׸ : Ǯ ","6","׸ : Ǯ   Ȳ ̵ ſð Ծ "
"214","","6"," ˰ ôµ   ƴϰ.˿ȭ.. ߰ڰ .. մٴ ƴ..׷ ߾.. "
"215","Ŭ ī޶","10","Ŭ ī޶ȭ    λ ְ  ̾ "
"216","Ʈ̽","10","Ʈ̽ϴ..!!!! "
"217","ȣα  4 ձ","10","ȣα  4 ձ ϴ ǸŰ ʳ׿䤾 "
"218","̾ ҵ","5","̾ ҵ   ϴ 𸣰ڳ..׶  ߶忡  ־  ﳪ󿡼 ,  ׷ µ...ǰ ߵŴ ... X..ȭ 帧̶ ... "
"219","ȣα  4 ձ","10","ȣα  4 ձȯ̰   "
"220","","9"," ڰų  ڰų.  ȭ ϴ   忡 . 뿪 Ʈ  ߰ſ ׼ ȭ. ѱ ̷ ȭ ° ű.  Ÿ鸸   ȭ鸸 ٰ... 罺 ĭ  ΰ  "
"221","ȣα  4 ձ","8","ȣα  4 ձ Ե   ־ ̵  ε "
"222","ڹٸ","10","ڹٸ ó  ٸ  "
"223","Ʈ:  ","4","Ʈ:  Ʈ 1 ٽ Ѵٸ ̰ͺ  "
"224","ε ","10","ε ..忡 ִ  ߵǳ..ϴ  ̳  "
"225","̾ ҵ","10","̾ ҵ3 ó׿    Դϴ "
"226","ټ ҳ","1","ټ ҳ󸶳 ôµ  Ѽ "
"227","ͽڶ","10","ͽڶ  ȭ   ׻  ǥ  ߰  ִ "
"228","","6"," ϰ ؾ  ȭ "
"229","","8","մµ?? ̸ "
"230","ȣα  4 ձ","10","ȣα  4 ձƿ   鸸̿ "
"231","ȣα  4 ձ","10","ȣα  4 ձȭ   ũ  컶 ~~~ !! "
"232"," ų","8"," ųణ  簡 ׶° ֱ  þ°    "
"233","Ȱ  ҳ","10","Ȱ  ҳ¥    õ      Ӹ â~  ̻Դϴ..  ... ƴ  ȮϽñ "
"234","","4"," ,  ḻ, ؾȰ ΰ ӱ׷ ϳ  ñ ϴٴ  ¿ȭ ġ    ȭ. "
"235","  ϻ","10","  ϻ̵   λȭڴ "
"236","̾ ҵ","10","̾ ҵ      ! "
"237","","7","ںٵ ɰ  ȭ "
"238","ȣα  4 ձ","10","ȣα  4 ձ̿ Բ   ȭԴϴ^^ "
"239","","6","ȥڻ  ôµ ٰ ־޷,,,̵... "
"240","漺б:  ҳ","9","漺б:  ҳ鰳 ߽ϴ. پ 帣  ȭӿ  , ̾߱   Ҿ. ḻ   , տ   Ѹ ̾,    ٷµ  İ  ٰ մϴ. "
"241"," ","10"," гʹ ƿ! ֵ ʹ Ծϴ󱸿^^ "
"242","̾ ҵ","10","̾ ҵ λ ְ  ȭ!     ȭ þ !!! "
"243","ź  ׸е ","7","ź  ׸е ˿ڸ 3  ȭ "
"244","ȣα  4 ձ","3","ȣα  4 ձʵ̶ֵ   ; Ҷ ٷȴµ 뱸    ϳ? 忡  ϴ  ־...̰ſ..ֵ ܶ ߴµ  󿵾Ѵϴ  "
"245","̾ ҵ","8","̾ ҵȭ ü ƽ 뷡 ظ "
"246"," Ÿ","8"," Ÿ ̺  ҽ.. "
"247","ȣα  4 ձ","10","ȣα  4 ձ ȭϰ ǵ ʹʹ Ҿ䤾 "
"248","̾ ҵ","8","̾ ҵ丮   κ   ϴ⸦ Ͽ ְ, 뷡    𸣰  Դµ ȭ ڸ 뷧 ϸ 뷡  Ҵ ȭ "
"249","","1"," ƺ Ҷ .. "
"250","ȣα  4 ձ","8","ȣα  4 ձ̶   ̸  ְ "
"251","ĵ","9","ĵȰ ѽ ϴ ӻ׼.   ÿÿϰ ؼ  "
"252"," ũ̳ ε:  ","8"," ũ̳ ε:   ־,, ΰ  ׾ ,, "
"253","̾ ҵ","10","̾ ҵְ ȭ  뷡  "
"254"," ũ̳ ε:  ","10"," ũ̳ ε:  ְԴϴ ߱ȭ߳׿ "
"255","ũ 2","10","ũ 2׳ . ÷  ?     볲!!  ȭ!! "
"256","ε ","10","ε 20OOO ...    ѱȭ :) "
"257","ȣα  4 ձ","8","ȣα  4 ձǼ! հ þ! "
"258","ȣα  4 ձ","10","ȣα  4 ձ Ʈ !!  !! "
"259","̾ ҵ","9","̾ ҵ ȭ    뷡 縦 "
"260","׻","8","׻׳ɱ׷  Ƽ񿡳麸°Ű "
"261"," ų","10"," ų԰ Ұ  ̻Գ 尨ְ ߳°  վ ٵ Ϸ翡 ѹ ϴ°  ƴѰ ... ƽ "
"262","ȣα  4 ձ","10","ȣα  4 ձ ο ǰ ߺ Խϴ "
"263","  ","10","  Ͼ ƺ ϴٰ ģ   "
"264","Ȳ","4","ȲҰФФФ "
"265","","8"," ̻ ʹ ְ þ "
"266","̾ ҵ","2","̾ ҵ9 ƴϿ 2 ݴϴ 7̸ Ұ ϴ ú "
"267","ε ","1","ε   ؿ ߱. IMF ǵ ε? ϱ ְ ִ ̾߸ ε ñ̴. "
"268","ȣα  4 ձ","9","ȣα  4 ձ  丮  ſ װɷ   "
"269","ȣα  4 ձ","8","ȣα  4 ձ    Ƹٿ ȭ "
"270","̽ ̰: 25ֳ Ư ","10","̽ ̰: 25ֳ Ư   ̰̽  ߾︮   뷡¯Դϴ. ΰ ʹ ϰ   ߾︲. Ͼ ¥ ְ .Ⱑ   ڿؼ ʹҾ. ѱ  ʹ  ش   . "
"271","ȣα  4 ձ","8","ȣα  4 ձ̼ ʹ   ϴ~ "
"272","̾ ҵ","10","̾ ҵְ ǿȭԴϴ  ȯ "
"273",", ","10",", İ   øȸ ڷμ λ   Ƴ׿ "
"274","ȣα  4 ձ","9","ȣα  4 ձְֽ丮 ȭε "
"275","","8"," վ õմϴ "
"276","ϰ ","6","ϰ  Ĺݿ ̳  ȵǰ    κ  "
"277","ε ","10","ε !!!!ѹα ̶ !!!!׶ ϰ  θԿ   ϰ   Ͽ ٽ  ϰ Ǵ ȭԴϴ. "
"278","ε ","10","ε  е  پ ð 𸣰 ؼ ñ ѹ ٵ ߵ ȭ մϴ! "
"279","ȣα  4 ձ","8","ȣα  4 ձ ̰ ʹʹ .. "
"280","Ű ߺ","8","Ű ߺƷŰ ߺ ̸    ´. Ű . ŷ   Ƴ  ȥ  "
"281","ε ","7","ε Ҹ˾Ƹϰѿȭ...׸׶밡ǾѴó鿡ūȰ־ٴ°ɴߴ...7.6ְʹ "
"282","ȣα  4 ձ","10","ȣα  4 ձ ˰ ִ ̾߱ʹ  ޶ ̴ ־~ ̵ ʹ ؿ! "
"283","̾ ҵ","10","̾ ҵ𰨵  üԴϴ "
"284"," ","3"," 丮 ġϰ, 丮  , ݾ ߱Ϳ, ü 10 ִ  ϴ ;; ׳ ǹ ̰ μ CG . ¥ ߱ Ʈӿ ù ۰Ÿ ϴ°Ŵ ¥ ְڴ.. "
"285"," ","8","  ǳ  ߵ "
"286","ϼ","9","ϼ  ϴ "
"287"," Ŀ  VS ̽ ","2"," Ŀ  VS ̽ ְ ° Ҵµ,..  忡 ߴ Ŀ κ    ϰڴٴ° ׳ 鸸 ƴٴϴ "
"288","ȣα  4 ձ","10","ȣα  4 ձ Ͻ ϰ   ȭ "
"289","ȣα  4 ձ","10","ȣα  4 ձ  ߷ ƿ~~ "
"290","","3"," 丮  ḻ ,,   ߰  ˾è..̹  ˾Ƽ   ,, ׳  ,,,ٸ ° ƹ͵  ׳ ڱ ūҸ  ¦° 2?  ϳ ȹ "
"291","ȣα  4 ձ","8","ȣα  4 ձܿ   ! "
"292","","6","...׳  ,,, "
"293","ε ","4","ε ѹ  ɸ ȭ "
"294","̾ ҵ","6","̾ ҵ ƴ ׼븸  ȭ Ȥ  ȴٰص οȭ "
"295"," ų","10"," ųԾ Ʋ ¯ "
"296","Ϻ Ÿ","10","Ϻ Ÿ¥ ڹ̵ ž  Ƶ ־ "
"297","ȣα  4 ձ","10","ȣα  4 ձ³ ȭӿ ִ ..  ⿣ ϴ "
"298"," ","8","   ʾҴµ, 丮   尨 ϸ鼭 Ҵ Ư  е̶ ұ * Ͽ ̴ , ǻŸ, Ÿ 񺭳 ... "
"299","","1"," 󼼰踦 ϱ  ° Ȳ  ų. 鼭 ۿ ȳͼ  "
"300","ȣα  4 ձ","10","ȣα  4 ձҾ䤻 Ÿ ְ  վϴ "
"301","","10"," Ҿ  ʰ "
"302","̾ ҵ","10","̾ ҵ70 ¾ ѽ׿ "
"303","׻","2","׻鸶  ־ "
"304","ε ","8","ε Ҿ  Ҿ "
"305","ģ","10","ģ װͳ Ҷ ? "
"306","ͽڶ","10","ͽڶ ϱ淹 Դµ1 ұϰ ó  ϸ Űپ  ø   "
"307","","10","ؿ ٺ     פϼ ȭ    ׷̳ ȭ     ߿  վ "
"308","̾ ҵ","3","̾ ҵ ~ ׳ ׷׿ "
"309","ͽڶ","10","ͽڶ, ü   ΰ.. "
"310","׸ : Ǯ ","10","׸ : Ǯ ̰ ְ ׿ "
"311"," ų","10"," ųֽϴ ƴ̾׿ õ "
"312","̾ ҵ","10","̾ ҵ̿ ʹµ ȳ׿Ф "
"313","Ǯ Ʈ","5","Ǯ Ʈʹ ߾.. ̤   ϰ  ð ٷ .. ׸  ޾Ⱑ  .. ʹ   Ҽ ִ 丮..   5 .. ȭ2 "
"314","̾ ҵ","10","̾ ҵ20OOO ְ ȭ "
"315","","6","ǰ ..    嵵 ©ȴµ ̿...   ٽ 尡...Ф "
"316","ξ ","9","ξ  ƹó ġʾƼ ̴ "
"317","ε ","9","ε ߰ͼФ "
"318","","8","󳪸 ߾  κ ׶ "
"319","","9","ϴºκ ճ׿ ϴ~ "
"320","ҳ ","7","ҳ ҳ     ҳన  ׷ȴ "
"321","ε ","10","ε  ִ ȭfϴ. "
"322"," Ǫ ٽ  ູ","10"," Ǫ ٽ  ູ¥ ȭ鼭 ̰  ѿȭ׿  ׿ "
"323","","10","ǿ   ̾߱  Ҹ.. ȿ ൿ ʹ  鵵 ֱ ,,,       ̷ ȭ ΰ  .. ٵ  ׸  汤 ϰ ׷   ȭ! "
"324","ָԿ ","10","ָԿ .. 丮 ̷ ° Ϻ...¥ ؼ Եǳ׿ ֵ鿵ȭ ƴϳ׿..ִϸ̼ε ް ٸȭ 丮źź...ιԵǳ׿ "
"325","ȣα  4 ձ","2","ȣα  4 ձ..ȣα "
"326","δŷ","10","δŷָ̿, δŷ ¿  ְ ǰ!!δŷ  ũ Ʈ麣, ׶, Ե ƴ ٸ Ÿ ȭ  ʾ?... "
"327","̵  2049","7","̵  2049ȭ  Ҵµ ü  ƽ ´ "
"328","ĵ","10","ĵ ־. Ȱ ų . 2 ǳ׿~ "
"329","ε ","10","ε    ȭ,    ձ⵵  ׺   λ     ȭ   "
"330","Ÿ¥","10","Ÿ¥ ѱ   ȴٴ Ϳ  ߴ ȭ "
"331","","10","ȥڻ       𸣴 Ȳ ӵǴ ν  ٸ ȭ麸 ٰ̾ Ѵ. Ư ȿ Ⱑ ¥..ؼ پɾִ  鼭 . ټ ḻ ƽ "
"332","̾ ҵ","10","̾ ҵ   ϴ!! "
"333","ĳ","10","ĳĳ  ô븦 ưٸ   ϸ ô ȭ. ׳  ︮ Ҹ  ʴ´. "
"334"," ų","9"," ų÷   尨 ϴ ȭ ð ݹ氩ϴ. õ "
"335","  ","8","  ϸΰ  .   鸮  ĵ Ҹ "
"336","ε ","9","ε  ⸦ ִ ȭ,  Ҿ  ٽ imf¾... "
"337","ε ","10","ε ɵ  õϴ ȭԴϴ. ߺýϴ. "
"338","  Ÿ","10","  Ÿɾƺ ̾ "
"339","극Ŀ","10","극Ŀ  ȭ!  ÿ ̰  "
"340","ƼǮ ","6","ƼǮ ȭ Դ ǥð .и ̾ Ѹ ִ.ٸ Żϳ  ȯ ǥϰ Ѱ . "
"341","ε ","9","ε    ̷ٴ  ϴ.  ѹα ƺ ϴ ȭ ε  õմϴ. "
"342","̾ ҵ","10","̾ ҵ ȭ ̾  . "
"343","̾ ҵ","8","̾ ҵ  ü ټ  ȵǴ κе ־  ŭ ʹ ҳ׿  Ŭ⵵ ߽ϴ "
"344","Źٿ ɸ ҳ","9","Źٿ ɸ ҳຸ ʹ ϴ  .... "
"345","","10","ٵ ΰ ϴٰ ϴµ  ׷ Ȳ  ȹ OO  ׿׿ .. "
"346"," ","9","   ḻ̾  ڸ, 'εǳ', 'ڵ' ̷ ȭ ƹ  ٰصӰųϰųؼ ѵ  ȭ¾ô 'Ͽǿ̴¼' ̰Ժýϴ "
"347","","1","10, 20  ϰ  ؿܿȭ 4  ɾƹȣ  ι. żϰ, ְ, , ȭ   ׾ ϰڳ? "
"348"," ","9","   .., 丮, CG  Ϻߴµ.. ư  ǿܷ Ƽ Ҿ,   ̰   ߴ  Ʋ ʾ. "
"349","","10","̰ ¥   ῵Ф "
"350","̿ ٸ","4","̿ ٸƿ   ... "
"351"," ų","10"," ų2ð  Ѵ 󿵽ð    ϸ  Ǵµ  ƴ  ٷ ô ȭ   հԺ "
"352","ƼǮ ","9","ƼǮ  ¼ ϵ...׷ °  ƼǮϱ? ȭ 迪 ̷ ־?   Ȳ ׳  ƼǮ Ҵ ... "
"353","ź  ׸е ","6","ź  ׸е  븦 ϰ ôµ  ʳ׿伳رȰǰ ƴϸ 丮 ߰ ҵΰ? "
"354","׽","2","׽¥  ӿ ϻ .. ΰ ¥ ؾȰ ϰ ʹ ûϳ׿ ⿡ .. ּ 󹫱θ ΰ ȴٸ Ҹ ̶ ִ..  ư ΰ ߾̴ ̷ٳȭϳƱ "
"355","","8","մµ ΰൿ  "
"356"," ų","10"," ųȭ ι    ѹ µ  ῡ  LED   ϴ.. "
"357","ͽڶ","6","ͽڶ󤻤 ν 뼺̷е о ʾ鼭 ƴô ش  ʹ   ȭ鼭  ش  ǹ "
"358","ٿ","10","ٿ    ԴϴԴϴ "
"359","","2","氢 ༭ 1ش. װɷ ܿߴ  ã "
"360","","8"," ϰ  ȿ!׸ ϵ   ּż û ؼ þ䤾׷  Ͼ   ..ٸ ߸    ߾Ф    ־ּ̾ ٵг ΤФ "
"361","ӴϹ","10","ӴϹսϴ ѹ뺼ؿ "
"362"," ","3"," ׷ȶ 3, 丮 ĳʹ Ǹ߱ں ʹ Ƽ.....̸ ̸̴߱...-.-ǳ轼 ˴  Ѱ͵ Ÿ̾.ī ũ ̴ 뵵  ʹ 4  Ҽ  з ƽ. "
"363","ϸ ","10","ϸ ξ ٸǳ 츮 Ʊ  ӿ Ф "
"364","̾ ҵ","9","̾ ҵ""̰ ̴..""    ־ ȭ. Ф "
"365","ε ","1","ε 鼭  ... ־ "
"366"," ų","10"," ųƴ ߺ   ׳ ƴ ̿ȭ "
"367"," ","9"," Ϻ³     ȭ "
"368","","5"," ó  ˰ͰѴ.../׸ 輺 þǿ ߾︲ ߻/ﳪ ȭ¿ֲ ĿҸ ñ.?  .. "
"369"," ","10"," и ü ̾ ҵ ̾տ ݰ ̵ ȣ ־ϴ. "
"370","̾ ҵ","10","̾ ҵվ   ͳ׿ "
"371"," ų","10"," ų ְ, ִµ,    ð ߱Ⱑ !  ÷.. "
"372","ε ","10","ε  ¥ ..޳ ־.. "
"373","̾ ҵ","10","̾ ҵ𰨵 ü   ȸʽϴ "
"374","ŽƮ ","10","ŽƮ   ̤  Ƹٿ ȭ׿ "
"375","ͽڶ","10","ͽڶ   ȭ ״. "
"376","ȣα  4 ձ","2","ȣα  4 ձ ϰ ϴ ϵ𸣰  ȣα ϴµ  ȣα    "
"377","  ̾","3","  ̾帣 ü sf Ÿ ӳ ü ĳ ȣȯ    帣 Һи ̻  ̴° ΰ "
"378","Ȳ","8","Ȳҿ   佺丮  źźϰ ڱ̿  ʰ fϴ! "
"379","׸ : Ǯ ","6","׸ : Ǯ ϳ׿丸ȭѽðȴΰͰƿ "
"380","","10","ʹ  ʹ ̰ ϻȰ  ߾ ־ ذ     ʹ  ФФФ "
"381"," ","5","  ¥ ̾ _ ̴    뵵 Ҷ .. 밡 Ŀ ׷ Ǹ ŭ. "
"382","׸ : Ǯ ","6","׸ : Ǯ   ־  ڽϴ.þ  ҽϴ. "
"383","̾ ҵ","10","̾ ҵ̾  ʹ..Ф "
"384","Ʈ̽","10","Ʈ̽12 12 '  ' ڳ~ "
"385","ε ","10","ε ٵ  ʹ Īϳ ٸ鵵 ߴµ ˹Ǯ? "
"386","","6","׳ɱ׷,,,, "
"387","ȣα  4 ձ","10","ȣα  4 ձϿ ȭ ȭ  ĵ߿ ణ ġϱ... ̵ ڰ 뷡 ʹ , ߷ ٷ ȭ  Ǿ ʹ ҽϴ~  ¯̻ݤ "
"388","","10","   罺ĭ ׼! հ ߺýϴ "
"389","̾ ҵ","2","̾ ҵ óܺ ⺸  ︸ ...ǿ   ξ.. bandits          "
"390","1991, ","8","1991,    翬   ϴ. "
"391","","7","ȿ  Ѵٴ°Ÿ  ٽѹ  "
"392","ε ","10","ε ׶ ׿䳪34% ڳ¾µñ⿴  ȭ ɾƼ ⵵ιٽ   մϴ "
"393","Ƽ λ̵","10","Ƽ λ̵念ȭ Ⱑ ʹ   "
"394","! ","8","! .,ôŰ ̹,.. "
"395","Ȳ","10","ȲҸȭ ʹ볪׿^^ "
"396","Ÿ  ","10","Ÿ   Դµ ʹ ־䷹̵𰡰  ؼ ׷   峭ƴϿ䳲 ΰ 뷡 ʹ ϰ ְ͵ ̰  ̰ ! "
"397","Ƚü","8","ȽüְԴϴپȽüԴϴ "
"398"," ","2"," ż . ־  丮 ȵθ޴ٷ~~~ "
"399","","10","¥ Դϴ Ⱥ ȸؿ մϴ "
"400","ī:   ִٵ","8","ī:   ִٵ[2018-6-27/20:20] еִ  ׼, ġ  ο  Ѹ   ⸦ ϼߴ. "
"401","","10","ڰ   ̳׿. ̰ ְǾ׼ ¥ Դϴ մϴ. "
"402","3:  ","10","3:  ׸  丮 û   ̶ ΰ  ,,ĸ  ѳ ̶     . ̰͸ε ̹ ְ ȭ.. "
"403"," ","8"," ̵鳢 Դµ  ִٰϳ׿ "
"404","ε ","10","ε   ϴ¿ȭϴ..εƮٱ Ҹ...³ 츮̶ ѹڽϴ... "
"405","̾ ҵ","10","̾ ҵ   µ! "
"406","̾ ҵ","10","̾ ҵ Ÿ   ̰ հ  þ  ߴ! Ʋ ȭȭ Ǹ ڳ׿ "
"407"," ī : Ǳ ô","10"," ī : Ǳ ôְ þ   ޶ ϴ "
"408","","10"," Ҽ־ٿ츮 ϸ   ƿϼ ȭ "
"409","̾ ҵ","9","̾ ҵ ʿ ȭ     "
"410","׸ : Ǯ ","10","׸ : Ǯ   ־. ٵ  ȸ ϴ  ֵ Ǹ 󱸿 "
"411","ĵ","10","ĵվ~׷ ƴѰͰ.. "
"412"," ų","9"," ų  ȭ߿ ̾ ҵ ų ְ׿ ʹ ߺ  ȳ ~ "
"413","","1","¥ ڿ ̾  ְ ȭ ϰ   ȭ Ͻôºе õ!! "
"414","̾ ҵ","10","̾ ҵ 20  ̾ϴ! "
"415"," ","8"," ˰     丮   ģ  ȭ   濡 ū Ƿΰ ش.  cg װ  ذ ִ ҵ,    ð  ? "
"416","ε ","10","ε   л ̶ ũ ʹ ʾҴµ..  ƹ  ƴ   Ȯ ʹ. ƹ   Ը.. Ф ̸   κ .  ȭ! "
"417","̾ ҵ","10","̾ ҵQ : ̺꿡̵    Ծ?A :  ¾µ  ... "
"418","","1","Ʊ.... ȭ   .. "
"419"," ,  ʿ ","10"," ,  ʿ ٴ  ȭ .   κ ణ ֱ  ϴ´    ƴ ٸ ޴°    ڸ ؼ ڸ ʹ Ѱ  װ ʹ ߴٴ° װŻ ʹ  ȭ "
"420","Ǹ Ҵ","10","Ǹ Ҵ~    ȭ  "
"421","  Ʈ","10","  Ʈ ʰ Ѿƿ°  ݾ ȭü ũϰ Ͽѵ εٰ ḻ ǰ ϼϴµ.. "
"422","̾ ҵ","10","̾ ҵ߰ ϴ ƼƮ  ϴ. "
"423","3-4x 10","8","3-4x 10Ÿ ɽ ʱ 1990, ⵵   ϱ⵵  ǰ.ɽ ǰ ÷ ̰  ȭ ؼ .   ŵ. "
"424","","10","¥ ճ  ƾ. "
"425","ε ","10","ε θ̶ ٽ ; "
"426"," ","9"," Ʋξǥ 丮 Űӵ 4 Ծµ ̷  縦  Ծٴ "
"427","","10","վ~ ϱѵ ׳ վ "
"428","ĳ","10","ĳ ȭ մϴ. "
"429"," ȭƮ   ","10"," ȭƮ   ǽ丮 ׷ ΰ,  츮 ƴ 鼳 ̾߱⸦   Ӱ Ͱ, ׼̶ 浵 ְ ǵ Ƽ  հ þ "
"430","̾ ҵ","5","̾ ҵ  ""̺꿡̵ ""  ƴϴ     ȭ      ϴ ƽ ׿~~~ "
"431","̾ ҵ","10","̾ ҵ˺  ̰ 8ȸ . ȸ  Ʈ ٸ.  B, C ٿ     CGV ô!! ScreenX  ϵ  ڸȮ . ̹ ŵ 1985 Live Aid  ǳǳ!! "
"432","̾ ҵ","10","̾ ҵ  뷡  ȭ    ͵ ſ ȭ "
"433","ε ","10","ε ¥ ϳ׿     fϴ  ȭ մϴ "
"434"," ","8"," ׷ ,,,, "
"435","ε ","10","ε   ̴  ڰ ƴ϶, å  ! "
"436","","9","ȣ ù° ۿ   6  .  ȭ    ׸  ޷   ⸸ϰ .  ϸ 6 . ڼ Ⱥ Ⱥ. ڴ   عҼؾ . "
"437","ũ ƾ","10","ũ ƾ ̰    ȭ "
"438","ĴĴ","10","ĴĴ߰߰    ִϸ̼Ǻ ǥ° ⿡ ź...   ϴٰ  Դµ  ̳׿. "
"439","ε ","8","ε  ʹ  ýϴ "
"440","13ð","5","13ðü... װ   ƴ "
"441"," ","10","  â οϳ~~ "
"442","̱ ","10","̱ ҽϴ   ̷  ϵ.... "
"443","Ʈ̽","10","Ʈ̽忪 Ʈ̽     !! "
"444"," ׷ ̺","10"," ׷ ̺갴 "
"445","̾ ҵ","10","̾ ҵְ! ְ!  ܼƮ  ϳ׿. "
"446"," ","1"," .... ...   1ΰ? "
"447"," ","6"," ƽ Ÿ ׸ϴ   Ǯ  ϰ   մ° ׳ ð  ָӴϿ  ġ  ̶     ִ  Z  "
"448","","1","ڰ ȣ鰩  ȭ "
"449","̾ ҵ","8","̾ ҵ  ͱ "
"450"," ","10"," Ҽ о μ   ǥߴٴµ  ְ ,  ü ٸ  ذ  ȵǾ.. 8,9 ְ , ׷ ȸϱ  10  ݴϴ. 8밡 ѵ... "
"451","׸ : Ǯ ","4","׸ : Ǯ κ  Ǿ Ȳ.    ñ. "
"452","","6"," ׳ɴٿ޾ƺ "
"453","Ǹ Ҵ","10","Ǹ Ҵٿٸ  ȴٸ ȴ  "
"454","ٿ","10","ٿŸ   ִ ȭ׿ ޾Ҿ~ "
"455","ּ","7","ּ ۸ ߴµ 簡 ô븦 ʹ ռ ũؼ ٽ ϸ ڳ "
"456","","8","վ ȥڻ¿ε ̰ź ٸʹ ĵŷȾФ "
"457"," ų","10"," ų԰ ְ.   ֱ  Ⱓ   ȭ  ְ   󿵰    ϱ. и͸ ɾ ģ . "
"458","ȭ ħ","10","ȭ ħ߾ ȭֶ  "
"459","ε ","10","ε    . "
"460","̾ ҵ","10","̾ ҵθ 帮 ߴµ, ʹ ̰ Ͻð ̴ٰ ϼż ҽϴ^^ "
"461"," ","6"," ׳ ųŸӿ ʴ "
"462","ε ","1","ε ̰ ̶ ֵ ѱĿ ¿   ֵ̳? "
"463","̾ ҵ","10","̾ ҵλȭ2þ~ "
"464","ü ġ","8","ü ġ 帣 ٱ  𸣰   귶 "
"465"," ų","10"," ųþԴ밡 ̱Կ ص ̻ Ҷ Ҹ Ҵ "
"466","Ȳ","8","Ȳһѳ̱ ־ "
"467","ǿ","4","ǿ .  OO. "
"468","ε ","9","ε  ϰ  Դϴ. ְ  ýϴ. "
"469","ŽƮ ","10","ŽƮ 󸶳 ٷ  簳 .. ǵ, ݵ ״ε  ½ ڶ ..    Խϴ! ʹ ƿ,  ٽ ñ!! "
"470","̾ ҵ","10","̾ ҵ2 ̳׿ "
"471","ε ","10","ε   þ... ϵ Ҷ   µ.. "
"472","׸ : Ǯ ","10","׸ : Ǯ ̶ֵ ٳԴµ, ª ֵ 뷡 θ ߳׿.   ؼ . "
"473"," ų","6"," ųٰ ȴü մٴ° "
"474","ε ","4","ε Ʈ .  ̳ ū   װ û   .   ,  ,  ȯ ̴...´ ƹ͵ . IMF Ʈ .... "
"475","̿ ߸ٱ","9","̿ ߸ٱ̷  ̰ Ʒɼۿ... "
"476","ͽڶ","10","ͽڶø ¥ ´ "
"477","","8","ְ ־ õ "
"478","̾ ҵ","9","̾ ҵԵ ְ~  ִ ȭ þ^^ "
"479","ٿ¡","4","ٿ¡Ժθ ̷Ӱ Ĵ  "
"480","","10","þôµ  ̾ "
"481"," ų","10"," ų׾ƾƾƾƤ̾ "
"482","ٿ","9","ٿ հ þ!   ¯ "
"483"," ȥ","10"," ȥļ Ʒ ȸ û ưٸ ׷   Ƴ "
"484","̾ ҵ","9","̾ ҵ    .   Ʃ긦 ã   "
"485","̾ ҵ","6","̾ ҵȭδ  ̤   ְ "
"486","ϸ ","10","ϸ εƱ ʴٴ¸    ¥ ȭԴϴ...õ в   "
"487","","7","     "
"488","ͽڶ","10","ͽڶ, , , ־, ũƮ  鿡 еѴ.     . "
"489","׸ : Ǯ ","2","׸ : Ǯ ̰  ȭ ѽð¥ ְ  ϳ "
"490"," B","10"," BB,   մ  ī .  ְ. "
"491","ε ","10","ε IMF  ޾ , ޾         ȭ մϴ. "
"492","","10","Ǵοϻ  ູ̿..  ̽..  θ ̸  ԰. "
"493","","8","ȥڻ ڵ̶ ѹ޾    "
"494","Ϻ Ÿ","10","Ϻ Ÿο ̰ þ ʹ ̾߱⸦ Ű    ñߴµ... "
"495","ƺ 帳ϴ","10","ƺ 帳ϴ  ȭϴ! "
"496","ũ ġ ƽþ","8","ũ ġ ƽþȾణ ȲȲ   Ʈ ְ Ÿ   .  Ұ վ. "
"497","ε ","10","ε ݱ ô ȭ߿  λ ȭ. IMF ƴ 鼭 ʹ ϰ ߳׿ФФ  Ϸϴ.... "
"498","̾ ҵ","8","̾ ҵ 丮,   ʾҴ  ť ! "
"499","̾ ҵ","10","̾ ҵҷǰ ̷ ִ  "
"500","","1"," Ͽ Ͽ,   ° Ѱ,  ׳ ȭ     /ٿֱ ѵ ,   ȭ 10 鸸 ⽺  Դϴ. "
"501","","7","ȿ OOO  Ȧ~ "
"502"," :  Ȥ ̹߻ ̾߱","6"," :  Ȥ ̹߻ ̾߱⿵ȭ B    "
"503"," ","4","   ...   Ʋ ̳ ִ   ... "
"504","׸ : Ǯ ","10","׸ : Ǯ ̵ ϳ׿. 󿵽ð  ª׿ "
"505","Ʈ Ŀ","10","Ʈ Ŀ̰͵  վµФФ "
"506","","6"," ѵ 󰡴 ó "
"507","","10","  ϴٰ Ͼµ..ħ ؿ Ȯؾ߰ڴ..ȥ  .. Ǵ߰ ô. "
"508","Ȳ","10","Ȳҵʹ䤾 ȭԴϴ "
"509"," ų","10"," ų ȭ  ְε...ݱ  ȭ   尨 Ű ǿ...̰  ٸ!! ̷ ȭ 󿵰  𸣰ڴ...ε ڿ  ִµ.... "
"510","Ȳ","6","Ȳ߰߰ ̿ ׼ ߼   Ҿ. ϱ⵵ ϰ... 19  ? "
"511","","8","ȭ  ڸ  Ƽ Ȯ .. "
"512","̾ ҵ","10","̾ ҵʹ Դϴ.â    ~~ "
"513","ĵ","8","ĵ츮 ˰ 𸣰 ذ "
"514"," ũ Ƽ","10"," ũ Ƽ̰ վµ,   ʹ .. "
"515","ϼ","10","ϼ  ߰ݾ̵ ˿ȭ ̷ ߸ "
"516","ε ","10","ε ƿ  "
"517","","6","  ϴµ   ǳ׿. ˴ Ȼ  ȭ ƴѰ   ؿ. ٸ Ѱ "
"518","  ","10","  Ӵѹα ̶  Ͽϴ ....ѹα ε... "
"519","̾ ҵ","10","̾ ҵλȭ Ҽִ!! ܼƮ    "
"520","ŬŸ","10","ŬŸο ð ٰ ʹ Ծ. ϴ.  ̰  Žǿ ɾƼ  ȭԴϴ. "
"521","","8"," ȭ  ѿ ȿ 迹 ?  ȭ  츰Ű׿ "
"522","ĵ","1","ĵ2 ִ°?۴޷ Ϻη  Դϴ "
"523","̾ ҵ","9","̾ ҵ𰨵Դϴ!! ܼƮٿ± "
"524"," ","10"," о̰  ſ߾! λ 񽺵 ̺  ֽð, ׾߸ ְϴ. ̰ ֿ  ʹٰ ϳ׿ :) "
"525","̾ ҵ","10","̾ ҵ𿪴 λ ְ ȭ "
"526","","6","߹ݱ  ¾...߹ ĺ   Ѿ   ü ö鼭  ߰ ۰ ٲǰ?... "
"527","λ ĸ","8","λ ĸ̷ κη ư߰ڴٴ... "
"528","ε ","10","ε  ʹ ֳ׿.. "
"529"," ų","10"," ų ôµ ð   𸣰 ؼ ô.   ȳµ ̰   ϳ  Ʊ "
"530","װÿ","10","װÿ͸̶  ȭ "
"531","ⱹ","10","ⱹ̷ ȭ ּż մϴ. "
"532","","8","â 丮  ḻ  ʿ ٽú ̾. "
"533"," ߾","1"," ߾ ȭ  谡 þϴ. "
"534","Ÿ","10","Ÿִ   . ȭ߿  ߸  ִ? ֿ ... 10 Ʊ ʴ "
"535","ȣα  4 ձ","6","ȣα  4 ձϴ ΰ ʹ  ￡    ⿣ ټ ġϰ   ȭ ƿ! ò  Դµ 10 Ҵٴ.... ־  մϴ!! "
"536","","1"," ̾ ҵ     ... "
"537","̾ ҵ","10","̾ ҵ  ť  ǿ   ýϴ "
"538","","10"," ¥ Ҹ ...̳    ¿̤հ ýϴ! "
"539"," ťƼ : Ʈ ̼","1"," ťƼ : Ʈ ̼峭  ȣ鿡   ҳฦ  ó  ȭ ߴٴ° ߽ϴ. "
"540"," ","10"," ð 𸣰 հ ôٰŸ  ߱ں̴ ϴ°͵鹫ϰ ö "
"541","  Ÿ ȣ","10","  Ÿ ȣ ߺýϴ!!!!¯ "
"542","","1","ȫ׼ ȭ,   ׼ǿ  żԵ  ׼ǿ ʱ׷ϴ. ٵ  ȭ ⹰̿. 2 ü  ð Ʊ ׷ ȭ Դϴ. "
"543","Ϻ Ÿ","10","Ϻ Ÿο 忡   հ ڱ̰ ϴ "
"544","̽ ","10","̽ ̿ȭ ¥ ƴ.  Ϻϰ   ȭٵ ū  ش.    ȭ "
"545","","10","ǰ ȥڻ¿ڵڿ "
"546","ź  ׸е ","8","ź  ׸е վ!!!   Ǵ ȭԴϴ. "
"547","̾ ҵ","10","̾ ҵ尡 ƽ 3  MX   "
"548","̾ ҵ","10","̾ ҵ° Ʋ ߿ ʴ.   ߴ   ϰ ȥ ȭ... "
"549","̾ ҵ","8","̾ ҵ밡 ʹ ǳ..    ޷   ... "
"550","ڰ  ","10","ڰ  §ϴ  ̴  "
"551","̾ ҵ","10","̾ ҵ𰡽 Ŭ߰. . 뷡 ϴ а Բ ſϴ. "
"552","","10"," ֱ  ѱ ȭ  Ʊ ʴٰ  ȭ "
"553","","7","  ణ   ƽ  "
"554","Ʋ Ʈ","10","Ʋ Ʈȭ ּż մϴ.  ΰΰ ư .Ȥ 2ð¥  ٰ ͺ信 ôµ   ֽǼФФФ ׸  緹  ñ Կ ƽôºоȰŰ..? "
"555","","5","ۼ ȭ հ ôµ  ̰  㱸 𸣰 "
"556"," ","1","  ȭ....  ߿伺  ȭ "
"557","̾ ҵ","10","̾ ҵ õ縦       "
"558","̾ ҵ","10","̾ ҵθԲ ð   ȴٰ ϳ׿.^^ "
"559","ε ","10","ε '찡 ϴϴ' Ҹ ... "
"560"," ","7"," η      ִٴ  . 丮 ѹ濡 ַ  ƽ.. "
"561","ε ","10","ε ϴ ȭ  , ׷⿡ г...  ο г밡 ׶... "
"562","","1","˹ٵ ˹ε 20뿩ڵ ̰ſ  10 ִ°  ̳  ȭ ϼ ־    ǽ Ĺ ȭ ȭ ְ ں. ̷ ǥ ѱȭ  ڸ.    "
"563"," ų","10"," ų׳  Ѹ ϸ ޻   ̰ʹ.غȭ 3ķ ȭ ְ  Ʊ ȭ  ̴..ּ   ȭϼ.   ѱȭ  . "
"564","̾ ҵ","10","̾ ҵ   ʿ䰡  ְ ȭϴ.... "
"565","̾ ҵ","8","̾ ҵ𺰷... 400 ѵ. "
"566","1987","10","1987 ʱ ģ   ȭ  ķ ο  ҰǾ.ѹα ʱ ߿  縦  ̾ƴ ȭ ٴ°  Ÿ.̷ȭ ּż  մϴ. "
"567","̾ ҵ","10","̾ ҵְ ¥  Ҹ "
"568","ⱹ","10","ⱹ̿~~~ öа 3κ εøֳ. 3ִ°͵ 󱼳  ܿ . ϴٴ  ο ڼΰD ¼ ȭ ̷ . "
"569","ĸ","10","ĸҿ   ! 40  75  ƺ!   ڽĵ鿡    ̴ "
"570"," ų","10"," ų׳ .. ƴ϶ Ӵ¼ ġ ôµ     ȭ߿  մ ³ 尨 ġ մµ ð ȭ  Ʊ ߴ "
"571","׸ : Ǯ ","1","׸ : Ǯ ߰   ʹ  û Ȳ "
"572","ȣα  4 ձ","10","ȣα  4 ձʹ ̶ ǵ ڰ  ȭ  ϸ  ϴ.... ¥  ȭ   .. "
"573"," ","5","   Ǵ . "
"574","","1","OOȭ ¥   "
"575"," ų","10"," ųó  , Ưδ Ѵ ٷ Ǽ ϴ°Ÿ ٷ.  λ ȭ 丮 ְ Ծ  ʹ ߸ 尨  ġϰ  а ް ȭϴ»´°?  ̿ ޸ "
"576","ε ","10","ε ḻ ˰   ȭ "
"577","500 ","10","500 Ӹġ  µ ̱  "
"578"," ų","10"," ų  óܺ´  ̰ź մ ȭ..  ȭ ƽϴ٤  ñ~ ƴϿ "
"579"," ","10","    Դϴ 볪  "
"580","Ȳ","10","ȲҰ  󰡾ϰ ΰ ԵǾϴµ ʹ   翬 ḻ ýϰ . 尨 ܶ ɰ ſ  Ƴ   ʰ  . "" մ""   ־⿡  ð ǽİŸٿ. "
"581","ӴڼӴ","2","ӴڼӴڰ  ѱȭ ٽ ħ Ű "
"582"," ų","10"," ų尨 Դϴ  ϰ  ճ׿  Ծ׼  "
"583","̾ ҵ","10","̾ ҵּ   ϴ ȭ Ф "
"584","","10"," ־ "
"585","̾ ҵ","9","̾ ҵ𸻸 Ⱑ Ǹ,   ̹ʹ ֽô  ʾ..   ȭ и ǽ!!!        ϴ  ְ ȭ! "
"586"," ų","10"," ų̰ ¥ 󿵰 ص  ȭε.. ȭ   󿵰  "
"587","̾ ҵ","10","̾ ҵ𴫹 Ͽ Ϳ "
"588"," Ʈ 2","6"," Ʈ 2 ȭ     ־. "
"589","","6"," ... Ÿų ... "
"590","","4","ٰ ϰɸ ȭ  µ;;׸   ȫ浿? ع½ ع½; ־ ḻ 㹫ߴ ȭ "
"591","̾ ҵ","8","̾ ҵߺô Ǻ ɵ... "
"592","","6","ΰ    ʾ  ҿ   100ۼƮ ϼ "
"593","̾ ҵ","10","̾ ҵ𰨵  üԴϴŸƾƤФФФ "
"594","λ ĸ","10","λ ĸ  ̼Ұ  ȭ. ̶ ,  ƾϴ ϰ  ȭ. "
"595","ε ","9","ε  ô븦 Ҵ ̶ ٰ Ҹ ȭNot bad~ "
"596"," ","10"," ߱   󰡱 ٻڴ. ι鿡  Ե ʴ´. ݾ 󸶿 ϰ ȭ  ֽ  BGM .   ó߶  α Ų  δ.   10̾   1. ־ "
"597","̾ ҵ","1","̾ ҵ... ڵ ȭҺ༭ ׷.. "
"598","ε ","10","ε Ե  ε ԰  ¥ ̳׿ "
"599"," ų","10"," ų ȭ    ų 󿵽ð  øÿ!!! ߿ ̷ մ° ÷̳׿!!ֽϴ!! ȸ   ȭ!!.. ʹ մ¹!!óͳ ϳ ĥ ȭ! 幮⿡ ó̳׿!! "
"600","̾ ҵ","10","̾ ҵ    ȯ̾ϴ "
"601","Ȳ","10","ȲհԺþ  "
"602","׸ : Ǯ ","2","׸ : Ǯ 츮 ִ  Ѱ踦 µ.  Ʈ   2ο... ̾. "
"603","̾ ҵ","10","̾ ҵ𸶸....... "
"604","","6"," .. ȿ   ߴͰƿ!! "
"605","","2","  ǽɽ ȭ. ̰  ȭ ٿ  vod ῵ȭ      "
"606","ε ","1","ε Գ ¥⸸ . "
"607","ε ","1","ε Գ ¥⸸ . "
"608"," ","10"," ̰ ٽ 簳 ϳ???ȭ   ÷Ͻ Ф "
"609","̾ ҵ","8","̾ ҵʹʹ־ϴ! "
"610","Ŭ   ","6","Ŭ   󱸺Ŭ Ż  󱸴 𿡵 . "
"611","ϼ","10","ϼհ ߺҳ׿..³ ߽ϴ "
"612","׸ : Ǯ ","8","׸ : Ǯ ڱ ȭ   ٸ  ƽ "
"613","󿡼 ̰ ٸ","8","󿡼 ̰ ٸ츮 ε   ο,    ִ ߾   ְ Ǳ "
"614","ε ","4","ε ׳  ׷ cj  ȭ...̷ ȭ  Һִϱ Ȱ °Ű弾 ´밣  ׳   ٰ  .. "
"615","̾ ҵ","10","̾ ҵ̰ 2ð̿ٴ..  30 .. "
"616","̾ ҵ","10","̾ ҵwe are the champion "
"617","̾","10","̾Ǽ ̷Ա  ȭ ƴ~ "
"618","","6"," ȭ ϰ   ׷ ϳ "
"619","Ȳ","10","ȲҿȭְԺþ "
"620","ε ","10","ε ҿȭ гִº "
"621"," ","10","   ȣȣ ° Ƽ  ߴµ û ճ׿!߱ں 󹹶Ͻô  ִ ׷ ʹ ... ư  fµ ʹ սϴ! "
"622","ε ","10","ε    ȭ  氢   ִ Ⱑ Ǿϴ.. "
"623","","10","   ģ ڲ ȥ㸻 ֿϸ鼭 ȭ 򰡸 ϴ󱸿 ׳ ׷ٱ ׸ ȭ µ ģ   ٰܹȾ "
"624","׸ : Ǯ ","10","׸ : Ǯ  ٰ Գ׿~ ī ְ þ~ "
"625","׸ : Ǯ ","1","׸ : Ǯ ̷ ִϴ ٽô ȸմϴ.׸  α⸸   ־ ִ.ڴ  ̾ . "
"626","","3","׼ǿ Ȥ߰  ´ٱ淡 ߻  ѹ   ߴٰ źش뿡   ... ׼Ǹδ   ο.. ٸ  ٴ ̵ .... ..׻....2ð ȭ 1ð ׼ "
"627"," ų","10"," ų   Խϴ.. ƴ...̷ȭ  1 ϴٴ;; ;;; Ư ںе  ...ڵ Ư  ȭ...  ְ ȭ ϳ! "
"628","","8"," ʹݿ ι Ѱ Ѱ ƴϴ ..ȻȲ     尨ְ ־.հԺ  ( 20   뷫 ˰Եȴ. Ű澲 ) "
"629","׸ : Ǯ ","6","׸ : Ǯ   ϴ Ÿ  ª׿ "
"630"," ","10"," Nothing is immortal. "
"631","Ϻ Ÿ","10","Ϻ Ÿγ**Űֿ.    ̴°   ȭŰַ... "
"632","","10","   ȭ õ "
"633","ٸ,  ϰ ־","8","ٸ,  ϰ ־10ص  .  30 ʹε  ʹ  ظ     "
"634","ϸ ","7","ϸ εϽ ̵ ֿϵ Ѵٸ ݵ   ȭ. "
"635"," ͽ","8"," ͽ   ...ٽ ư ʹ...?... "
"636","Ϻ Ÿ","8","Ϻ Ÿ .. ̼ ݰ õ. "
"637","  ԰ ;","5","  ԰ ;  Ҵ ģ  .. Դ ټ ߴ  "
"638","̾ ҵ","10","̾ ҵҿȭԴϴ٤ "
"639","ε ","10","ε ȭ鼭 ϴ٤Ф    ſ  ׻ ð̳ 鲲 θ  Ȳ̾µ,,,   ȭϴ "
"640","","1","˹  Ǯ  ϰ ° Ⱥ° õϹ "
"641","ġƽ ","9","ġƽ ǹǿ,  ϰ ູ ִ ȭ "
"642","","7"," վ ߺä "
"643","ε ","10","ε հ ߺýϴ!~~~ "
"644","ħ","8","ħ ýϴ.  ⵵ Ƿϰ 丮 ϴ. ű⿡   ƽ׿. "
"645","ε ","10","ε ¥ȭ Դϴ "
"646","̾ ҵ","10","̾ ҵ̺꿡̵ ǾƳ  ϺҤ "
"647","̾ ҵ","6","̾ ҵ ׳  ׷. "
"648","ε ","10","ε ȣ!  ϴ 찡 ͼ  հ ô ׿ "
"649","ȣα  4 ձ","4","ȣα  4 ձʹѵ..̳;߼  "
"650","̾ ҵ","10","̾ ҵ ̷ϴ ε    ϴ,,   ϴ...̳׿ "
"651","ε ","10","ε   ȭ ̾߳? .   Ʊʽϴ. "
"652","̾ ҵ","5","̾ ҵհ ߺýϴ.  ܼƮ  ȭϰ  "
"653","Ź ","9","Ź ڿ 50 ǰ .. ͽǾ  ϳ. "
"654","ε ","9","ε  ¾  5  ̴. ﵵ  Ӵ  ô븦 ޾ٰ Ͻô    Ͼ ʾҴµ  ȭ 鼭  ô뿡 ־ ϵ     ־, е ⵵ ʹ Ҵ. "
"655","","5"," ڿ   ׸ ɷ . ϴ   ڿ ڶ  ϴ ȭ.  Ϸ ޽ ѱ ̴    ˼ . "
"656","","10","³  αٵα ʹ ϴ.  ΰ ϰ ־ Ҿ. "
"657","Ϻ Ÿ","10","Ϻ Ÿα信 Ѻ԰  ճ ȳµ   20   εȽϴ. "
"658","ε ","10","ε ¥    ޾ е    ˴ϴ. ʵл   ε            θԵ  ..   Ƽ θԵ  ϼ̽ϴ "
"659","ĵ","4","ĵ忩ΰ ʹ ̾. ɵó µ  ڲ ̻ڴ     "
"660","","10","̰  ð  "
"661","Ȳݳħ","10","Ȳݳħݳʹ մ!!   "
"662","ġ","10","ġ ְ. 丮 źźϰ Կ  Ưϰ... "
"663","뽺 ̾߱","10","뽺 ̾߱Ϻ 80   л  ־ Ҿ     ī 90  н ׷? ʹ־ "
"664","̾ ҵ","10","̾ ҵȭ  Ŀ  뷡  ٴմϴ  "
"665","ϼ","10","ϼĩ Ҽ ִµ ְ ڵ  ã  ڳ׿ "
"666","׳","10","׳just good... "
"667","Ϻ Ÿ","1","Ϻ Ÿ̷ȭ մϴ. "
"668","׸ : Ǯ ","6","׸ : Ǯ ȣȣ .. ΰ "
"669","ȣα  4 ձ","10","ȣα  4 ձ̰ ʹ ̻ڴ~ ũ ⵵ ̸  ְ ϳ    ̴ "
"670","λ ĸ","10","λ ĸʹ Ǽ  ϸ  90   ڱݼ ǳ׿ ҸӴ   (Ҿƹ) Ѵٴ° 𸣰ڰ?  ְ ʹٰ ̶ ̷ ľ ʹ "
"671","׻","4","׻ Ʊ. ȭ  巴 . ƹ ﳪ   Ƶ   ߵϰ ɾƼ λ󾲸 Ժη ϴ  ֳ??  sns   .  ȳ⵵?  ȭ Ǽ ̸ . "
"672"," ","2","  ¯ ̳ "
"673","̾ ҵ","10","̾ ҵƵ,  Բ ҽϴ. л Ƶ ½ Ÿ  .   . ȭ  뷡 Ӱ ⵽ϴ.    ȭ, 뷡 ,  ̰? ٽ ѹ    ȭԴϴ. "
"674","극̺ ","8","극̺ ణ ִ ḻ.  ɷ Ǿ   ִ. "
"675","̾ ҵ","10","̾ ҵغ ȭ ְԴϴ~ "
"676","â","2","â̰ ? ٿٿ ߴ "
"677","","9","ó ȭ 鼭 ô...   µ ¿   ؼ 亸  𸣰 ̵ǰ  ̿ϴ. ʹݰ ḻ  ƽ ȭ ̴ ֽϴ~ "
"678","׸ : Ǯ ","6","׸ : Ǯ ̵ մ.   Ծ. "
"679"," Ȧ ","10"," Ȧ  ũ ȭ  ܿ ְ.. "
"680"," ĥ","10"," ĥ25⵵   ȭ   ȭ "
"681","ΰ","10","ΰǾ    ȭ  ְ ȭ Ѵ... "
"682","Ƹ޸ĭ Ʈ","3","Ƹ޸ĭ Ʈ.... ðƱ "
"683","   ̵","5","   ̵庯ȭŭ  ʿϴ. "
"684"," ","10"," п  ߽ϴ "
"685","Ӹ","2","Ӹ   ~ "
"686","̾","10","̾κ ¥ ...    ǰϰڴ "
"687","ĵ","6","ĵ׷ ð⿡   ȭ. "
"688","׻","1","׻鿩ְ ϴ  ü  ı,ġϱ ̰Ÿ  ֳ? "
"689","׸ : Ǯ ","1","׸ : Ǯ ϿϿ  Խϴ. ٵ Ȱ Ͻó  ° Ȳ .. ڱ  2  ֵ 鼭   ݰ .. "
"690"," ų","8"," ų 鿡      ۿ , Ȳ    ־  尨 ȭ ü  Ѵٴ      ǰ ġ ǰ̶ ϰ ͽϴ! "
"691","̾ ҵ","10","̾ ҵ𿣵ũ  ö󰥶  Ͼϴ "
"692","ε ","6","ε    ݵ ˾ƾ 系  ֳ׿ "
"693","12 ","10","12  忡 ⺴ ߰ "
"694"," ","10"," ׷  ִ ..    ⼭ ְ ܶ   .   ȭ   ȸ .  ϴ ѱȭ 10  . "
"695","ε ","2","ε ó ϼ . "
"696","ε ","8","ε ־ õմϴ "
"697","ε ","8","ε   ؾ ڵ鿡  ʽϴ "
"698","̾ ҵ","1","̾ ҵ¥  μ  ʳ   ~ι ʴ Ƽ񿡴ٽ ص Ⱥ   󸶴 ü ãư ̰  ̵̺  Ȳ ãƺ°  ְڴ Ϻ ϴ  ֱ׷   "
"699","4 ̾߱","10","4 ̾߱̿    ʹٸ.   ϰ ;~ "
"700","ε ","10","ε ⵵  ߽ϴ "
"701","Ȳ","10","Ȳҿ  ! ü ŷ !! ̴ "
"702","λ ĸ","10","λ ĸܴ Ҿƹ,  ܴ ҸӴ "
"703","ε ","6","ε    Ǹ  ̰ ι ʹ    ̶ Ἲ  "
"704"," ","10","    ũ ְ ҽϴ. "
"705","̾ ҵ","9","̾ ҵ𸶸 θ  ٽú߰ڴ "
"706"," ","4"," ޹ ô, ߿ ô, ִ ô..⸸ ٰ  ȭ.  !! "
"707","","4","  , ű⿡ ̴ϽƮ  "
"708","","8","κ ûϽŵ "
"709","","10","ȭ 3  ϰԵ˴ϴ. ʴ Ǽ ~~ "
"710","ϼ ϴ ġĿ  ȳ","5","ϼ ϴ ġĿ  ȳ 10        ʹ. "
"711"," ų","10"," ų10 ȭ մµ ߰  þƾ  ؼּ YunLine(wind****) 2018.12.08 11:29---> ؼ ҰѰ ̸ θ̴ϴ. ڱⰡ ߴ  ϳ ʰ ҷ ̾ "
"712","ε ","10","ε  հ ߺþ Ҿϱ⵵߰  "
"713","","4","尨 ִµ ϰ   ۰ŷ µ ϴ.׳  "
"714","Ϻ Ÿ","8","Ϻ Ÿ ̾߱  ÿÿ Ʈ.׷  غ  ִ  ̾߱.Ÿ  𸣰 ϰ   ־ Ҿ! "
"715"," ġ Ҹ","10"," ġ Ҹƿ䢾 "
"716","ȣα  4 ձ","10","ȣα  4 ձ     ƿ.̶  ôµ....Ɵޤ ʹ ϰ ־ ϴ󱸿 ְ ߺþ "
"717","̾ ҵ","10","̾ ҵ𺸸鼭  ҳ׿ ȥںôµ  .   忡 ִ ̾ Ǵٽú ȭ׿ "
"718"," ","9","  ŭ  ȭ׿. "
"719","ų  - 1","10","ų  - 1ƾ ŸƼ . 10 Ѱ ְ ʹ.  ټ  . "
"720","","5"," հԺôµ ģ  ϶ϳ׿.        ȵȴ  ҽϴ. "
"721","̾ ҵ","10","̾ ҵְ ȭ. ȸ   ȭԴϴ.׵  ǾȽϴ. "
"722","","10","ڳ ȴ..  ϴ.. "
"723","","8","ں հ ó׿ ȿ  ¯ "
"724","â","1","â̰͵ ȭ..  ¥ ð Ʊ.    ׳ ̴. ̰ 3~4  ̾ "
"725","̾ ҵ","10","̾ ҵ ϴ.... "
"726","ε ","10","ε ְ ѰŰƿ  "
"727","̾ ҵ","10","̾ ҵʿ ճ׿  "
"728","̾ ҵ","7","̾ ҵƮ ̳ δ佺Ʈ  忡 ϸ 𸦱. ȭ 丮 ڵ带 2/3ϰ  1/3 δ  ϴ. ߿ Ȳ   غ. ׻ ǰ ø . 丮 ȭ ʸ?! "
"729","õ  ǻŸ","10","õ  ǻŸ  հ ýϴ  մ ȭ "
"730","","1","ʹݿ Ҵµ  ... ̤    ƴϳ׿..   4~5     1 ! "
"731"," 24 -  2000 зϾ","9"," 24 -  2000 зϾ98  ļ , ׿  ׸ 99޶, 󺸴  .. ׷ ̰ ͼ ø  Ǿ 9 ݴϴ "
"732","ε ","1","ε ص ϴ ε  Ȱ   ͼ Ⱥ... "
"733"," ","10","  轼 û  ̴ !ũ 帣    ǥ ȭ "
"734","̾ ҵ","10","̾ ҵҸ ȭ ȸȵǴ 뽺丮 "
"735","ǿ","10","ǿ  Դϴ. "
"736","̿","3","̿  տ ׶δ ġ ִ 鿡  ߴ. ׼Ǿ̸ 丮   ȭ ġ "
"737","׸ : Ǯ ","10","׸ : Ǯ ̰ 鼭 ó׿ְ þ "
"738","׻","2","׻󸶺 ϳ....̷ Ʊ~ "
"739","̾ ҵ","10","̾ ҵ𰨵  üԴϴٴٽú ȭ "
"740","м  ũ̽Ʈ","10","м  ũ̽Ʈȭ鼭   ȸ߽ϴ..忡  ôµ ׷ ǳ  긮纻 ȭ ó̾ Բ ʹ ˼ؼ  帣  ϽǶ ʹ Ȥؼ  Ҿ..Ⱑ    ҽϴ "
"741","̾ ҵ","10","̾ ҵ ڷ о    ڷ . "
"742","Ȱ  ҳ","8","Ȱ  ҳġ ش ¼¼ "
"743","ȣα  4 ձ","8","ȣα  4 ձsoso  ׷ "
"744","̾ ҵ","10","̾ ҵ λ  뷡 縦  ϰ   ְ Ǿϴ. "
"745","̾ ҵ","1","̾ ҵ̱Ĺ ѱ.. bTs ȭؼ ȭ ̱ Ʋ. "
"746","","1","ı ȭ մϴ.  ̸  ׷ ȭٵ.. "
"747","̾ ҵ","10","̾ ҵ ʿϴ.  "
"748","̾ ҵ","10","̾ ҵ10101010101010 "
"749","","8","̼ ̶ а ٤ ڸ 븦 Ѵٶ  ϴ°ͺҤ׸ ȭ ϱ  ּ   "
"750","","2","OOɤѤѰOO "
"751","ε ","9","ε ⵵ Ұ 뵵 Ҵ.  "
"752","׸ : Ǯ ","1","׸ : Ǯ Ӹ ϴٰ  ̾ ḻ  Ұ̴ϱ?  츮 Ƶ ؼ 1ݴϴ, ̾ѵ 2  .. "
"753","̾ ҵ","10","̾ ҵ  þ..mx   ʹ ߻.. "
"754","̾ ҵ","10","̾ ҵθ ȴµ Ͻó׿ "
"755","ε ","10","ε δ  Ư Ҹ ǳ 鼭 ô... ȭ    ߽ð..    Ű ϴ  鼭  ҽϴ. "
"756","׸ : Ǯ ","6","׸ : Ǯ ִٰ մϴ. ٵ ǰ ª׿ "
"757","̾ ҵ","10","̾ ҵλȭ ⶧ ư "
"758","Ϻ Ÿ","8","Ϻ Ÿθ   ȭ .  Ⱑ Ե . Ư , . "
"759","Ϻ Ÿ","7","Ϻ ŸαҴµ ̼   ʹ  "
"760","","7","尨ִ  ߴµ ʹ ,  ٸ.    , ε  ĳ ᱹ cctv ppl ƽ   ȿ  Ŀ.  . "
"761","̾ ҵ","10","̾ ҵٽ ߰ھ... ְ! "
"762","ǿ","2","ǿ̰ ȭ?     ȭ "
"763","ε ","8","ε ׶ ׽   ;µ ƽκ ־~~ "
"764","","4","Ⱑ   ˹  ϴ ΰ?ȭ ̾µ... "
"765","Ÿ  ","10","Ÿ  ʹ  ȭԴϴ.ؿ "
"766","׸ : Ǯ ","2","׸ : Ǯ ٸ  ȭ麸 丮 ϰ ֵ鿵ȭ ȭ   ... "
"767"," ų","10"," ųð   𸣰  ó׿䳲ںе  մϴ ^^¥  ̳  þ! "
"768","Ϻ Ÿ","9","Ϻ Ÿΰḻ ƽ  絵  ߹ݿ ׿ҵ ҽϴ "
"769"," ų","10"," ų ȭ ʹ ־ õؿ "
"770","Ÿ","10","Ÿ   ذ ؿ ־ ,  Ƹٿ Ÿ λ.  ԰ ִ ȭ ó׿ "
"771","δŷ","10","δŷ׷   𸣰ڰ,   ϰ ? "
"772","ε ","9","ε    ߺýϴ. "
"773","Ϻ Ÿ","7","Ϻ Ÿθ       ġ ϰ ȴ....    ¥Ѵٴ... һ? "
"774"," ģ Ǵ","6"," ģ Ǵհ ó׿.  ߾ ״ε ճ׿. "
"775","׸ : Ǯ ","9","׸ : Ǯ ʵл̵鿡 ʹ  ȭ . "
"776"," ȣ 3","8"," ȣ 3ְ ó׿ ʵб г   "
"777"," Ѷ!","10"," Ѷ!̽  ,  ʹݿ ܰ   Ű  ΰ Ÿ ָ鼭 ΰ ԰ ÿ ΰ ̼  ϴ   λ. "
"778"," ","10","  Ͽ ϰ  ̵  ҽϰ  ϰֵ  ־ ַ  ϴ¸ Ÿ ̳׿׼ǽŵ    ҽϴδ 뵵 źź߰ ðٸ𸣰 ߺþ "
"779","̾ ҵ","10","̾ ҵʹ   ϰ ýϴ. ! "
"780","Ʈ̽","10","Ʈ̽ ְ ýϴ.  ܼƮ  ٸ,  ܼƮ 緹̷  Ͱ  ٸ . 3   ٸ׿.  ̾      ֳ׿. "
"781","̾ ҵ","9","̾ ҵȭ     "
"782","ﱹ: Ȳ ","1","ﱹ: Ȳ ð   ð ѵ帲 "
"783","","7","׿ȭ    µ ϰ  ִ â,  ȭ鵵  Ű ϰ  ־ȿ ִٴ   Ը  ̼ ߱ؾ ϰڴٴ  ϴ. "
"784","","10","԰¯!!! Ѵ Ȱ ~~л̶ ôµ  վ ^^ "
"785","","8","ȭ ٰ̾ ϴ  ΰ ؼ ׷µ, "
"786","ε ","6","ε  Ⱑ  ҽϴ "
"787","ε ","10","ε ɾ ȭ ýϴ ְ ýϴ ^^ "
"788","Ÿ  ","10","Ÿ   հ þ  "
"789","ε ","10","ε  ΰ  ΰ Ƴ ΰ.. κп ؼ   ߻ ̾   ̾   4̾..׷ հ  ýϴ ʹ    ϶ ׶  ﻷ ߽ϴ "
"790","ε ","3","ε Ʈ ι . "
"791","","1","  г ȭ "
"792","̾ ҵ","8","̾ ҵ𳻳 ̰ ýϴ.    ȭ.... "
"793","ε ","2","ε ʹ  Ӵϴ ε鸹׾ "
"794","̾ ҵ","10","̾ ҵ߹ݺ  ǳ뷡   鸮. "
"795","þ ","4","þ    , good to luck "
"796","ε ","10","ε վ ѹα ̶  ϳ׿.. "
"797","ε ","2","ε  ̻ѳ  ϴ "
"798","ε ","9","ε Ϳ  ߿伺 ٽѹ ϰ  ȭ "
"799","̾ ҵ","10","̾ ҵ7鸸ڤ "
"800"," ģ Ǵ","1"," ģ Ǵ¹;;...ȭ "
"801","̾ ҵ","10","̾ ҵȭ   ȭ "
"802","ε ","10","ε 츮 ε  ѹ   ϴ ȭ.  츮  ٽ ѹ ϱ ȴ. "
"803","ѻ꼺","8","ѻ꼺ָ ġ ˰  ġ ̶ ΰ "
"804","","1"," ȥ Ĺ  丮   ߰߰   ϴ ġ 2-3 ִ°   "
"805","׸ : Ǯ ","2","׸ : Ǯ ̰ɿȭ ٴ...¥ Ʊ ....0ְ  Ϸ Ѱ "
"806","̾ ҵ","10","̾ ҵ̿ȭ  ϴ ΰ  ڴ..ǿȭ λ ѹž ǰ... "
"807","","8","ο̻  "
"808","","1","5ť 1~2Ʈ 縦 ִ ȭ...ٰ ϰɸ  ȭε... "
"809","׸ : Ǯ ","4","׸ : Ǯ ̰ 鼭 2ź ò ̾߱ ϳ׿~ "
"810","̾ ҵ","10","̾ ҵ𰣸  ȭ ó׿. "
"811"," ","10"," п°  ⵿ؼ ó׿    츮 ̵ ģ̿     ⸦   ־ ϴ  ϴ.^^  ׿^^ "
"812"," ȣ 3","9"," ȣ 3̿ ȭ ־ϴ. "
"813","׸ : Ǯ ","1","׸ : Ǯ   Ѱ Ʊ "
"814","ٸ  ִ","1","ٸ  ִ¥ Ѱ ʹƱ    ĳϰ ̵ ǰ ? ̴ٸ ȭü ̾   "
"815","ε ","8","ε ٵ '' ι ôȲ  ȭ  λ̾ϴ.  "
"816","ε ","10","ε ̰ ٵ   մϴ.    ϰ Ǵ ȭ "
"817","̾ ҵ","10","̾ ҵճ׿ 𸣰 "
"818","Ʋ ¸","2","Ʋ ¸̷ȭ µ  1000 Ʊ.. ʹ ̾ ߸  ȭ! "
"819","޸ٿ  ","3","޸ٿ  Ȼ ǿ ڱ׸  "
"820"," ģ Ǵ","10"," ģ Ǵ¥ վ ~    7  T.T "
"821"," Ͽ콺","4"," Ͽ콺ȣ 游ߴ     "
"822","ε ","8","ε  ⵵ ¥ ϴ    "
"823","","4","ʹ Ĺ ȭ ʹ γ. "
"824","Ȳ","10","Ȳϰ ߺҽϴ "
"825","","10","ְ ߺþ~~~ "
"826","Ϻ Ÿ","8","Ϻ Ÿΰ  ũ  ~~ "
"827","ȭ","8","ȭȭ̿ ģ ƹ   ó    ʿ...غ ̿븸 ϰ ׷ ư° ĸ ⿬찡  ȭ ĸ   ִ "
"828","̾ ҵ","8","̾ ҵ̰     µ 뷡ڸ ٷ ˾Ҿ   ̳ ȭԴϴ "
"829","˵","9","˵ ⵵ Ǹ Դ  ߰  ȭ. ̷ ⸦  ߾ ;. ǿӿ ұϰ þ̶ ̻  ĳʹ 츮 ȭ翡     . "
"830","ƼǮ ","10","ƼǮ ̹ڿ  ¥ Ѵ. ŸӰ   ϰ ׼ ׼ΰ Ƽ   2007̶  糪 ̳ ⳪ Ѱ . 8ְ    ÷ְ ; 10. "
"831","","10"," 2ϰ־~Ͷ "
"832","ŬŸ","10","ŬŸ̿ȭ  ο Ǳ  3 ũؽ  ʼԴϴ. Ϲ ƺ Ͼ  2 .   ׶׶ ɸ¿   ̼ κп  . ~ ~ ~ "
"833","ð ޸ ҳ","10","ð ޸ ҳ๫ ʿҰ....? "
"834","ġƮ","10","ġƮȲϴ  ìֽô â  ö.̵ǰ ʹ Ѹۿ ȵ. ̵  Ҽ "
"835","ȭ 11/9: Ʈ ô","10","ȭ 11/9: Ʈ ô̻ ϳ׿^^ "
"836","ε ","10","ε ġɷ Ŀȭ ϵ ϴ° ε  𸣰 Ǵܸε ߼ӱٶѽϰ ̱ ͵ "
"837","","4"," ̷ ٴ .. ϱ ¦̾  ؿȭ. "
"838"," ","6","    ذ ȵǰ  Ÿ 𸣰ڳ׿. "
"839","缭","10","缭 Ҽ ΰ?  Ȳ   ϰ ȫĥ ׿   "
"840","ε ","10","ε   ȭ ɰߴµ ƽϴ.   ȭԴϴ. "
"841","","4","  ٸ   "
"842"," ","1","    ׷ ⸦  ϴ°; ǥ ٽ   Žȴ. ϸ  . "
"843","ε ","10","ε ְ   ׷  "
"844","","7","ٸŷ ٱ⸮ҿ λ åϴ ȭ "
"845","׻","1","׻ٷ ȭ  ־!!  ԼӰ ĥѰ͸ ﳲ! "
"846"," ","10"," ֵ ؼ  ϳ׿ "
"847","̾ ҵ","10","̾ ҵ¥  λ ȭ  "
"848"," ޸:Ҿ ȥ","8"," ޸:Ҿ ȥȣ ƴϰ ȭ׿... ԰ְ հ þ䰡󵥳  ϳ θ   ""-) "
"849","Ʈ϶","2","Ʈ϶̰ 簳 ȭΰ? "
"850","ε ","10","ε  ϰ Ǵ ȭ "
"851","ź  ׸е ","10","ź  ׸е ˾ƴ ε ּ  ̷?;;ο 䵵 ϰ  ̶  մ   ְ 󺸴 ̵ ִµ.. Ÿ׿Ф  3 ڳ׿! "
"852","̾ ҵ","10","̾ ҵʹʹվ~~ "
"853","̾ ҵ","10","̾ ҵİ ƴ ׳   ȭ.  ť   ˰ְ.. и Ϲ  ̴  ߸ ߸ ƴ 츮 ϼִٴ  ϴ   ť  ȭ..  ׷ ׾ȿ  ϱ⵵ߴ. "
"854","巡ﺼ","10","巡ﺼ90 ϱ cg ̴ ȭϴ. Ư ۽丮 ״ 󰡼 ˰  "
"855","","2","ʹ  OOO   ȿ Կ  "
"856","","10","ȿ ôϱѴ Ա Դ "
"857","  ʾҴ 3:   ","1","  ʾҴ 3:   ȸ̸ ȭ Ÿ "
"858"," ","10"," 󸮵ιô. ι  ִ. "
"859","̾ ҵ","10","̾ ҵ غȭְԴϴ Ե ־ "
"860","ε ","10","ε ȼ    ؼ   ȭ "
"861","ε ","8","ε ϴٴ   ߴ  "
"862","̾ ҵ","10","̾ ҵ  ʹʹ Ҿ Ⱥ ȸһ߽ϴ. ¥ 뷡 ְ Ф  ְ Ф "
"863"," ","3"," ̺ , ͼ ĳ, Ʊ ð "
"864","  ","8","  ϰ  ȭ "
"865","ö","8","öŸ 㹫Ͷ ̾߱ ϱ ѵ "
"866","׸ : Ǯ ","4","׸ : Ǯ ׸2 ϳ׿..  㹫߾ "
"867","","8","ۿ̴  "
"868","","6"," ʰ ׳ .. "
"869","ε ","10","ε  ȭ   cgvհ ð ..    ϰ ϴ̻޴ϴ. ͺ ͺ ..䰭. "
"870","ε ","10","ε  ֽϴ  ְ "
"871","","8","ھƴ ̷׼?ٴ "
"872"," ","9"," SFȭ  ִ° ƴѰ? ʹ ϸ Ÿ  󸶹 ° ... "
"873"," ȥ","10"," ȥ¥  ְ̰ʹվ "
"874","ġ","10","ġͿ  ԾƴϾ "
"875","Ѵ:   ","8","Ѵ:     ⵵ Ÿϸϴ ٵ .. "
"876","","10","տ10Դϴ "
"877","ϼ","8","ϼο̴ Ƚ "
"878","","2","ڿ޹] ó  ̰̰ ̾.  鸸   ְ   . ȿ ⵵ ׳ ̾Ƽ Ҹ ۰ϴ   ̻ ƴϾ. ȸ Ⱑ ϴ    ̾. "
"879","׻","6","׻׳ ߾䤻 "
"880","ε ","1","ε ȭ ϴ û̴ Դϴ. ȭ . "
"881","ĵ","10","ĵĵ念ȭֱٺȭ߰־ϴ "
"882","Ȳ","8","Ȳհ ߺŰϴ ̤ "
"883","","8","ú ħ ûҸ  ؾ߰ھ "
"884","ε ","5","ε ׶   ε а ɰϴ. "
"885","Ÿ  ","10","Ÿ    ǿȭ  ְ. λȭ  "
"886","","10","ߴ ϴ.  "
"887"," ","1","  ־ ȭ, ߱ں  ⿵ȭ "
"888","ε ","6","ε  翬  ƴ϶  ϰ 翬 ȭ ݸ ˾Ƶ 󸶳㱸  ̲   ִ ȭ "
"889"," ","10","  ʰ ԰ ýϴ. "
"890","","8","Ƴα 谡 ׸ϴ.. "
"891","","1","ƹ  ־ ̾° °Ŵ.źƮ ϴ! "
"892","  ϴ","9","  ϴٺ ϰ ̽餶  "
"893","ε ","4","ε     µ, ׺  Ʈ ƴ  Ʈ ô ° ġ  . 翡 ͼ   Ư ġ 忡 öϰ ؼϰ Ϸ õ . "
"894","̾ ҵ","10","̾ ҵȭ   ʹϳ׿....Ǻ;!!! "
"895","ε ","1","ε    ȭ   ÷ ܼϰ ׿ "
"896","̾ ҵ","2","̾ ҵȭμ  ׷ Դϴ. "
"897","","2","ʹݺο  ȭ    ְڱ ߴ. ׷ ߹ݺ Ǽ    쿬 ݺ, Ŭ   Ǿ . "
"898","Ʈ","7","Ʈ̱۾̶ 簡 ѵ   Ż. "
"899","ⱹ","1","ⱹȭ ̾ 忡 Ȱɸ 밡  Ѵ  "
"900","","1","ٸ ȭ  ;Ѱ  ó 濹̰  丮   ׸  "
"901","̾ ҵ","1","̾ ҵʹ ߴ . ʹ . ̰ ־  ī 1 Ⱥ.ǿְ ,  bbcť '츮 '   װɺ õ帳ϴ. "
"902","̾ ҵ","9","̾ ҵƿ ƿ ƿ  "
"903"," ","8","  ϴ   丮 κп ƽ и ־ ̳ ׼Ǿ  ޲ص "
"904","̾ ҵ","1","̾ ҵλ . 3̿ ٰ  θϰ ̾߳׿. ٷ   Ȱ. ׸ .  .    ߰ ̾߱  . ȭ ƴϴ  ̵  . ǳ ذ ȵǿ.  "
"905","  ","10","  ̹谡 ħϰ Ʈ   ̿ ȣ ó Ŀ, ó  ᱹ Բ ư, ٴ Ѱ ,        ƳҴٴ Ϳ  Ƹٿ ̶  . "
"906"," ","2"," йõ ƴϰ ȭ ƴϰ̰ ƴѵ "
"907","׸ : Ǯ ","6","׸ : Ǯ г ̵ ⿡ ִ...  г̵ ⿣   ν...  2        "
"908","׸ : Ǯ ","6","׸ : Ǯ г ̵ ⿡ ִ...  г̵ ⿣   ν...  2        "
"909","ε ","10","ε հ  ýϴ õ! "
"910","","10","   ־ "
"911"," ","1"," 0 ????̰ "
"912","м  ũ̽Ʈ","2","м  ũ̽ƮҸ ġƽϴ ؿ  "
"913","ʰ","10","ʰ躥 Ҿ  20 ְ ǰ.  ۳⵵    е  ظ ϰ  ̶ ص ̱ ȭ 츮 50 ̻ ռ־ٰ..  絵  20 ̻ ռְ,, "
"914","̾ ҵ","10","̾ ҵ λ ְ ȭ. "
"915","ȣα  4 ձ","7","ȣα  4 ձ  ȭ߿ ٹ  غԴϴ. ʵб г ڳฦ    ׿ е鿡Դ Դϴ.  ߷  ︮ ȭ,  ¿  ׿.  ̸ ȫȭμ հԴϴ. "
"916","ε ","6","ε 뵿ȭ  ذ Ѱ ƴѵ ʹ ش ǥ߳ "
"917","  :  ","1","  :   ̾׿~ մϴ "
"918","̾ ҵ","10","̾ ҵ̰  Ԥ λȭ "
"919","ȣα  4 ձ","1","ȣα  4 ձ̰ ȭ ?? ¥ 丮  ؼ 鼭       ĪҰŶ  ?? װ  µ     "
"920","̸ Ű","1","̸ Ű ְ  ִٰ λ . ̰ ڽð  ḻ̴.   ʾ. . "
"921","̾","6","̾ǿϴ³  ̱ "
"922"," ","9"," ߱ ں  ȭ߿  ýϴ.     ߴ   Դϴ. ߱ б κ  Žϴٸ... 8.0 ޾ƾ  Ѵٴ   뷱  9 ݴϴ. IMax Դϴ. "
"923","̾ ҵ","8","̾ ҵϰ  ׷ ټ  "
"924"," з","10"," зο  η ߴµ ̿ȭ  ϰԵȴ....ȭ 丮  ⶧  ... "
"925"," ","8"," о  丮 . ԰Ժýϴ  "
"926","","7","̰??  1¥??..  ϰ ??  ôµ  մ????? ߰ αǶ??  ׸   ?? ?? ʴµ?????    ׷??..???? "
"927"," ν","7"," ν  ųŸ ̾ ڸ  ιó ϴ  ڴ "
"928","ŽƮ ","10","ŽƮ ʹ ߺþ  TVȭäο ϸ þµ ȭ ٽ  ӳ׿ ǵ ʹ..  ãҴ  Ÿξ ̹ Ѵ ̰..  ̾  ̿ȭ ̱ ϸ鼭 Ͻ ũ ãư ﵵ. "
"929","ٶ ˽ :  ","10","ٶ ˽ :   ʹ ߸.  ߾ ǻȭآZ ٴ. ⻩.  ó "
"930","","10","̰ ¥ ƴ ٽú ̴ "
"931","ε ","10","ε Ͽ   ʾƼ  ߾µФл վ׿ κп  ְ Ҹ Դ "
"932","ǳ","8","ǳл   ư ãƼ ٽúôµ ̶ ȭ ϰ Ǵ±.Ϲ  ޿  ٽú ˾ҳ׿䤾 "
"933"," ","4"," ǿ    "
"934","̾ ҵ","7","̾ ҵۿ ŷ  ȭ. ̿ȭ  ̴ְ ¼ϴºе ť ñ... "
"935"," Ź","6"," Ź ϳ åӰ ޷ִ.  ︲ ִ. ׷ 踦   ܼϰ Ǯ ? "
"936"," ","10"," վ~~~ǵ ̰ʹ߾~~~ "
"937"," ","2"," ʹٽ   ˾Ҵµ ġ ִ. "
"938","","8","  ̷?, ȣ ߰ ۵ Ÿ   ƴ??? ¸, , üڿ  ǰ پٴ ȭ鵵 ٸ ٰ̾ ð  ˰ ôٰ     ų Ÿӿ  ȭ   ׷? "
"939","̾ ҵ","10","̾ ҵλȭ ׸ ϿϷ "
"940"," ũ Ͽ콺","8"," ũ Ͽ콺ʹ  .        "
"941","","10","ڶ   Ǿ   f Ф "
"942","ε ","2","ε ̷  ȭ 鼭 ǿ  ε   ׿ "
"943","ε ","10","ε  ٰ Ƿ ؾ  "
"944"," ̷ - ʸƿ   ","10"," ̷ - ʸƿ   ȫ ߸ؼ ׷߱  "
"945","","10","̷ Ҹġ ¥ . ̱ ȭ ó̳׿..  .Ф "
"946","ȣα  4 ձ","1","ȣα  4 ձƿ ȭ׿. 󿵵 ʿմϴ. 7̻  ħ ǿ!!! "
"947"," ų","10"," ųԵ ְ̳׿^^ "
"948","̾ ҵ","10","̾ ҵλȭ...ñ "
"949","","1"," 尨.. "
"950","ε ","7","ε    ñ ϽŴٸҰ  Դϴ. ü  ʰ 귯  ϴ.ٸ, ȭ ͳ Ͱ ڱ̶  ǰ  ϰ Ⱥô°͵ õմϴ. "
"951","ҷ","8","ҷ   ô ḻ ٴٸ   ϰ ִ. "
"952","","1","ٽѹ  ѱȭ Ÿ..ȭ..? "
"953","Ƹ޸ĭ ̵","8","Ƹ޸ĭ ̵̰ ȭ ̶...     ʾ ֽϴ! "
"954","ε ","1","ε   ֱڴ ̴....   ؼ Ѱ  ׸ "
"955","̾ ҵ","10","̾ ҵ ҽϴ. 巷Ϸ ޴ ̹ . ξƽͱ ̴ܾƷ ҷȴ  ȥڷμ      ô븦 ռ  õ "
"956","","7"," ʹ   ȭ   .... "
"957","","3","۾˹  Ǯ "
"958","ε ","8","ε IMF ʵл̶ ɰ  µ, ߾ ϰ ִ ȭ.⿬   ʹؼ ̿~ "
"959","","8","ְ..^^¾ ϴ Ҹ̴  ʹ "
"960","׸ : Ǯ ","4","׸ : Ǯ 6,4 Ű󿵰 ־µ.. ù° մٰϰ  Ĺ ο, װ ٿٰ.. ° ٰ̾ ϳ׿.. Ƽ񿡼  ̶   ƿ. ȭͼ ôٴ°ɷ  "
"961","׸ : Ǯ ","6","׸ : Ǯ Ͽ Դµ   Ȳ߽ϴٱٵ ó µ ̰ʾƼ ̵ִ̰̾ ñ߽ϴٷ׸: Ǯǿ2  ̸ְ? "
"962","","2","   ȭ  հԺµ ¥    丮 ʹ 󰡴 丮 ȿ̻ װ͸ Ӻó "
"963","  Ʈ","4","  Ʈǰ     츮 ٸ ⸦  ִ?   ȭ   Ǿ  ִµ   ݱ  ð Ʊ Ѵ "
"964","Ȳ","10","Ȳվ軷Ѱḻ ʹ! "
"965","丣","6","丣ܼ ִϸ̼ ٰŸ  ʰ  ϰ  ̷  ޽ ϰ ޵ . ΰ ٴ θ ҸӴϿ   ° ? "
"966","","4","״ ...׳ ׷  "
"967","̾ ҵ","10","̾ ҵʾ鿡 ˸ "
"968","̵ : ù° ","7","̵ : ù° ߺ! ̰ ٷ ׼̾! "
"969","Ϻ Ÿ","9","Ϻ Ÿհ ôµ  ϴ "
"970","̾ ҵ","10","̾ ҵ𰨵̳׿.̹׿ "
"971"," ","8","   ȭ! "
"972","νôƮ","1","νôƮ ϳ Ʊ.  ڽ 𸣴 Ϳ  ִ 峪 . ܼ  򰥸  Ƴ ̴. ƹ ö ȭ, ƴ  ö ȭ ּ  Ѿ   ƴѰ. ʹ ģϰ  ȭ. "
"973"," ","8"," 丮  ν  ¥ ¦  "
"974","ħ","10","ħֹν....׳ ʿ 츦  ¾ "
"975","ε ","8","ε ְ ýϴ. ⵵ϰ Ⱦ⵵ ϳ׿ ̶ Բ  Ͱ  ģ鿡 ε  Ͱϴ . "
"976","ε ","2","ε ׳  麸  Ŀȭ̴ε ߺ رī Ʈ "
"977","ε ","10","ε   ְ "
"978","","10","ȿ    ׸  Ҹġ (?)   ¥ վ ׷ Ӹÿ   ? Ȱ ڷG "
"979","","9",".. ĿǻðԿ!! "
"980","","9","  Ǯ ϰ  ȭ  ϳ.(ǰ   дϴ- Ǯ ϴ- ֱؼ  Ĺ  ģ    ô...) "
"981","","10"," ʹôȭ ʹ ߰ ߻ǿ  "
"982","Ϻ Ÿ","10","Ϻ ŸδԳ   "
"983","λ絿 ĵ","7","λ絿 ĵȭ Ⱑ Ҵٴ... ȫ ʹ ̶   Ű. ȭ û ѿⰡ µ "
"984"," Ŀ  VS ̽ ","8"," Ŀ  VS ̽ ȭ ־ ؿ "
"985","","10","հ ýϴ ³ ̾Ƽ þФ "
"986"," öƮ","10"," öƮ̷ ȭ ʹ .  ִ ȭ.  ϴ ȭ.   츮 ȭ.   ȭ. "
"987","Ʈ̽","1","Ʈ̰̽  ְ ? ¥ 9000 ߺ "
"988","鿩 ","10","鿩 ߱Ÿ߿ ְ... "
"989","̾ ҵ","10","̾ ҵ ܼƮ ִ ̾.غ  ǻ̶ Ÿϱ Ϻ ̴󱸿. ƴèǾ θ ¥߽ϴ. "
"990","ε ","4","ε         ϱ???.. "
"991","̾","2","̾ƴ ƹ ü ׹ Ųž ̰ ̵ǳ "
"992","","10","ȭ    .. ¥   ȭ "
"993","Ȳ","10","ȲҸ̿ȭ  ϰ "
"994","Ϻ Ÿ","10","Ϻ Ÿ¯..ϰôµ!վ "
"995","","2","̾.˹پû "
"996","¯","1","¯  3 ¥   ȸű Ҵµ  ȭ    1 ְ ! "
"997","ó","10","óְ ȭ Ͽ ڳ Ǹε ܿ 10.!!! "
"998","","4","е  ȭ ....3°     װ ڴ "
"999","ε ","1","ε ̾ ѿ⸦ ϰְ ̹ "
"1000","ε ","10","ε ȭ鼭 ־..װ̴ѹα..׷..̾ƴϰǱü!ҿȭ! "
